"Country","Sex","Year","Age group","Mean height","Mean height lower 95% uncertainty interval","Mean height upper 95% uncertainty interval","Mean height standard error"
"United States of America","Boys",1985,5,113.9148963,113.0178346,114.8082781,0.454817794
"United States of America","Boys",1985,6,120.300116,119.4824457,121.1357342,0.421057967
"United States of America","Boys",1985,7,126.2472657,125.4398819,127.0725156,0.415008003
"United States of America","Boys",1985,8,131.8786768,131.0662098,132.6989015,0.41596884
"United States of America","Boys",1985,9,137.3216919,136.5041793,138.1375898,0.41732355
"United States of America","Boys",1985,10,142.6888017,141.8498722,143.5034253,0.421077773
"United States of America","Boys",1985,11,148.1696438,147.325077,148.9834398,0.426207645
"United States of America","Boys",1985,12,154.2706286,153.405456,155.1054012,0.434282845
"United States of America","Boys",1985,13,161.188491,160.2929272,162.045213,0.441543578
"United States of America","Boys",1985,14,167.5323806,166.6326426,168.4059177,0.446217915
"United States of America","Boys",1985,15,171.9000382,171.0318767,172.783044,0.446350705
"United States of America","Boys",1985,16,174.3859469,173.4885408,175.273229,0.448161205
"United States of America","Boys",1985,17,175.4790039,174.5807325,176.360521,0.451260433
"United States of America","Boys",1985,18,175.6762965,174.835816,176.507576,0.431737656
"United States of America","Boys",1985,19,175.7306254,174.833688,176.6162823,0.457000573
"United States of America","Boys",1986,5,113.9344047,113.0444391,114.8201781,0.445309845
"United States of America","Boys",1986,6,120.3299004,119.5093683,121.1448314,0.411031048
"United States of America","Boys",1986,7,126.283161,125.5023592,127.0950577,0.405274283
"United States of America","Boys",1986,8,131.9193906,131.126261,132.7206764,0.406168272
"United States of America","Boys",1986,9,137.3609209,136.5529072,138.1476721,0.407642031
"United States of America","Boys",1986,10,142.7350942,141.9321662,143.5340783,0.40789245
"United States of America","Boys",1986,11,148.2335213,147.4050106,149.035604,0.412856175
"United States of America","Boys",1986,12,154.3623184,153.5270833,155.1668289,0.421807531
"United States of America","Boys",1986,13,161.3068791,160.4474714,162.1324722,0.429724301
"United States of America","Boys",1986,14,167.66339,166.7807274,168.5193718,0.435929694
"United States of America","Boys",1986,15,172.0203584,171.1586994,172.884633,0.439117865
"United States of America","Boys",1986,16,174.4935031,173.6266665,175.3748363,0.442497444
"United States of America","Boys",1986,17,175.5647592,174.6920515,176.4315573,0.443701912
"United States of America","Boys",1986,18,175.729837,174.9247126,176.5332313,0.416107857
"United States of America","Boys",1986,19,175.7687993,174.939331,176.5951042,0.421018219
"United States of America","Boys",1987,5,113.9274825,113.0661894,114.78179,0.436010802
"United States of America","Boys",1987,6,120.3494088,119.5531816,121.1396252,0.400247234
"United States of America","Boys",1987,7,126.3129453,125.5497143,127.1075735,0.394735106
"United States of America","Boys",1987,8,131.9552859,131.1779593,132.7404864,0.396289815
"United States of America","Boys",1987,9,137.4016347,136.6216929,138.1789474,0.397891095
"United States of America","Boys",1987,10,142.7743233,141.9876212,143.5484599,0.398210925
"United States of America","Boys",1987,11,148.2798138,147.4870804,149.055804,0.399819674
"United States of America","Boys",1987,12,154.426196,153.6113607,155.213687,0.409115183
"United States of America","Boys",1987,13,161.3985689,160.5788316,162.2028988,0.417914733
"United States of America","Boys",1987,14,167.7817781,166.9333054,168.5962659,0.424475771
"United States of America","Boys",1987,15,172.1513678,171.290393,172.9908348,0.429186815
"United States of America","Boys",1987,16,174.6138232,173.7493139,175.4652349,0.435188329
"United States of America","Boys",1987,17,175.6723154,174.8123304,176.5272873,0.437232977
"United States of America","Boys",1987,18,175.8155923,175.0306415,176.6231992,0.408186283
"United States of America","Boys",1987,19,175.8223398,175.0432696,176.6340432,0.405631343
"United States of America","Boys",1988,5,113.8852832,113.0343118,114.7087912,0.428426099
"United States of America","Boys",1988,6,120.3424866,119.5638296,121.120209,0.39010453
"United States of America","Boys",1988,7,126.3324537,125.5948643,127.0960416,0.383361122
"United States of America","Boys",1988,8,131.9850702,131.2331456,132.7447793,0.385572251
"United States of America","Boys",1988,9,137.43753,136.6679899,138.2016737,0.388029906
"United States of America","Boys",1988,10,142.815037,142.0524313,143.5674132,0.38856056
"United States of America","Boys",1988,11,148.3190428,147.5423376,149.0658574,0.390267754
"United States of America","Boys",1988,12,154.4724885,153.692994,155.2315155,0.396638711
"United States of America","Boys",1988,13,161.4624465,160.6543416,162.2375308,0.405978311
"United States of America","Boys",1988,14,167.873468,167.0543521,168.6615918,0.413121408
"United States of America","Boys",1988,15,172.2697559,171.4478282,173.0739319,0.417957433
"United States of America","Boys",1988,16,174.7448327,173.8964445,175.5751982,0.425469152
"United States of America","Boys",1988,17,175.7926356,174.9488293,176.6365099,0.429163594
"United States of America","Boys",1988,18,175.9231485,175.1482895,176.7161365,0.40131363
"United States of America","Boys",1988,19,175.9080951,175.149728,176.6977781,0.397883291
"United States of America","Boys",1989,5,113.822739,112.9848865,114.6373946,0.41958541
"United States of America","Boys",1989,6,120.3002872,119.5497522,121.0516398,0.381908019
"United States of America","Boys",1989,7,126.3255316,125.5933079,127.0558184,0.372982859
"United States of America","Boys",1989,8,132.0045787,131.2911673,132.7413316,0.373945854
"United States of America","Boys",1989,9,137.4673143,136.7328184,138.2073135,0.37736285
"United States of America","Boys",1989,10,142.8509323,142.1002376,143.5933903,0.37882253
"United States of America","Boys",1989,11,148.3597566,147.6109374,149.0993608,0.380803865
"United States of America","Boys",1989,12,154.5117175,153.7403367,155.2507489,0.387526008
"United States of America","Boys",1989,13,161.508739,160.7267718,162.250755,0.394477584
"United States of America","Boys",1989,14,167.9373455,167.1418854,168.691877,0.401894419
"United States of America","Boys",1989,15,172.3614458,171.5419127,173.1429939,0.40678676
"United States of America","Boys",1989,16,174.8632208,174.0565631,175.6659587,0.414344606
"United States of America","Boys",1989,17,175.923645,175.0940424,176.7320258,0.419180953
"United States of America","Boys",1989,18,176.0434687,175.281178,176.8184358,0.39198399
"United States of America","Boys",1989,19,176.0156513,175.2506672,176.7824824,0.391591988
"United States of America","Boys",1990,5,113.7609143,112.9303306,114.5591616,0.411569638
"United States of America","Boys",1990,6,120.2377431,119.4901053,120.9778972,0.372687679
"United States of America","Boys",1990,7,126.2833322,125.5665237,126.9975663,0.364854359
"United States of America","Boys",1990,8,131.9976565,131.2880274,132.7095293,0.363559451
"United States of America","Boys",1990,9,137.4868228,136.7819769,138.1968368,0.365711476
"United States of America","Boys",1990,10,142.8807167,142.1702577,143.6024039,0.368434567
"United States of America","Boys",1990,11,148.3956519,147.6727987,149.1290058,0.371347078
"United States of America","Boys",1990,12,154.5524313,153.8063941,155.2937301,0.378499161
"United States of America","Boys",1990,13,161.547968,160.7780236,162.291656,0.386102724
"United States of America","Boys",1990,14,167.983638,167.2084986,168.73516,0.391464987
"United States of America","Boys",1990,15,172.4253233,171.6447558,173.1850782,0.396100526
"United States of America","Boys",1990,16,174.9549106,174.1623083,175.7452388,0.403294626
"United States of America","Boys",1990,17,176.0420331,175.2385282,176.8252373,0.40784582
"United States of America","Boys",1990,18,176.1744781,175.4227448,176.918385,0.380586702
"United States of America","Boys",1990,19,176.1359715,175.3977011,176.8809999,0.382138835
"United States of America","Boys",1991,5,113.7176738,112.8966027,114.5154857,0.403305342
"United States of America","Boys",1991,6,120.1759184,119.431469,120.8945929,0.36477684
"United States of America","Boys",1991,7,126.220788,125.5174758,126.9251561,0.356023145
"United States of America","Boys",1991,8,131.9554571,131.2572306,132.647354,0.355772014
"United States of America","Boys",1991,9,137.4799006,136.784578,138.1756998,0.355432439
"United States of America","Boys",1991,10,142.9002251,142.2116313,143.5881837,0.356992846
"United States of America","Boys",1991,11,148.4254362,147.7250204,149.1307399,0.361544296
"United States of America","Boys",1991,12,154.5883266,153.8656153,155.3209292,0.36956559
"United States of America","Boys",1991,13,161.5886818,160.8471266,162.3283237,0.377733359
"United States of America","Boys",1991,14,168.022867,167.2615021,168.7655321,0.384010011
"United States of America","Boys",1991,15,172.4716158,171.7081497,173.2130548,0.386545827
"United States of America","Boys",1991,16,175.0187882,174.2383004,175.7877812,0.393086399
"United States of America","Boys",1991,17,176.133723,175.3481195,176.9084038,0.396938365
"United States of America","Boys",1991,18,176.2928662,175.56418,177.0084699,0.36843337
"United States of America","Boys",1991,19,176.2669809,175.5606524,176.9859573,0.370175586
"United States of America","Boys",1992,5,113.6918446,112.8996537,114.4803564,0.397365794
"United States of America","Boys",1992,6,120.1326779,119.4081003,120.8247145,0.356317826
"United States of America","Boys",1992,7,126.1589634,125.4565793,126.8503627,0.348772303
"United States of America","Boys",1992,8,131.8929129,131.2080785,132.5800505,0.347562783
"United States of America","Boys",1992,9,137.4377012,136.7516164,138.11712,0.348074045
"United States of America","Boys",1992,10,142.8933029,142.2046635,143.5652218,0.346946037
"United States of America","Boys",1992,11,148.4449447,147.7657471,149.1241765,0.350632736
"United States of America","Boys",1992,12,154.6181109,153.9073264,155.3178771,0.36055655
"United States of America","Boys",1992,13,161.6245771,160.9007453,162.3557969,0.369461052
"United States of America","Boys",1992,14,168.0635808,167.3231782,168.7923078,0.376426476
"United States of America","Boys",1992,15,172.5108449,171.7641969,173.2538074,0.380122302
"United States of America","Boys",1992,16,175.0650807,174.3053022,175.8146026,0.384458603
"United States of America","Boys",1992,17,176.1976005,175.4149794,176.9521721,0.387170824
"United States of America","Boys",1992,18,176.3845561,175.6858708,177.0713416,0.357060861
"United States of America","Boys",1992,19,176.385369,175.6967914,177.0798802,0.358252836
"United States of America","Boys",1993,5,113.6882439,112.9145573,114.4636358,0.391907257
"United States of America","Boys",1993,6,120.1068487,119.4064564,120.7836952,0.349865154
"United States of America","Boys",1993,7,126.1157229,125.4274442,126.7767819,0.340824705
"United States of America","Boys",1993,8,131.8310883,131.1456014,132.5030863,0.341004471
"United States of America","Boys",1993,9,137.375157,136.7092425,138.0464088,0.340476171
"United States of America","Boys",1993,10,142.8511035,142.1755684,143.5067091,0.340019271
"United States of America","Boys",1993,11,148.4380225,147.7671782,149.0945889,0.341043473
"United States of America","Boys",1993,12,154.6376194,153.9494391,155.3118718,0.350334863
"United States of America","Boys",1993,13,161.6543614,160.9476152,162.3468936,0.361151353
"United States of America","Boys",1993,14,168.0994761,167.3720829,168.8168152,0.368974098
"United States of America","Boys",1993,15,172.5515586,171.809587,173.2805983,0.373391784
"United States of America","Boys",1993,16,175.1043097,174.3574071,175.8488436,0.379432939
"United States of America","Boys",1993,17,176.243893,175.4729256,176.9822663,0.379709182
"United States of America","Boys",1993,18,176.4484336,175.7650935,177.1027578,0.3473753
"United States of America","Boys",1993,19,176.4770589,175.810214,177.1464003,0.347052524
"United States of America","Boys",1994,5,113.6972166,112.9240622,114.4633206,0.387849636
"United States of America","Boys",1994,6,120.103248,119.4167756,120.7762756,0.344189206
"United States of America","Boys",1994,7,126.0898936,125.4254887,126.7381289,0.334363825
"United States of America","Boys",1994,8,131.7878478,131.113363,132.4420258,0.33368789
"United States of America","Boys",1994,9,137.3133324,136.6458367,137.9752753,0.334438828
"United States of America","Boys",1994,10,142.7885594,142.1313125,143.4364386,0.332900576
"United States of America","Boys",1994,11,148.3958231,147.7408989,149.0371899,0.334561736
"United States of America","Boys",1994,12,154.6306972,153.9596515,155.2899342,0.341368376
"United States of America","Boys",1994,13,161.6738699,160.9761632,162.3491514,0.351389
"United States of America","Boys",1994,14,168.1292605,167.4164341,168.8234678,0.361331432
"United States of America","Boys",1994,15,172.5874539,171.8604456,173.2929623,0.366963412
"United States of America","Boys",1994,16,175.1450235,174.3970444,175.8744596,0.373787631
"United States of America","Boys",1994,17,176.2831221,175.524858,177.0258661,0.376325827
"United States of America","Boys",1994,18,176.4947261,175.8195286,177.1711336,0.340599972
"United States of America","Boys",1994,19,176.5409364,175.890638,177.203885,0.337760717
"United States of America","Boys",1995,5,113.7082363,112.9638442,114.4783644,0.383910321
"United States of America","Boys",1995,6,120.1122207,119.4357971,120.7811722,0.338924847
"United States of America","Boys",1995,7,126.0862929,125.4374843,126.7207028,0.328724425
"United States of America","Boys",1995,8,131.7620186,131.1164562,132.3929916,0.327361636
"United States of America","Boys",1995,9,137.2700919,136.6146608,137.9204165,0.327601537
"United States of America","Boys",1995,10,142.7267347,142.0788593,143.3772052,0.327126233
"United States of America","Boys",1995,11,148.3332789,147.687175,148.97682,0.327790577
"United States of America","Boys",1995,12,154.5884978,153.9307705,155.2296994,0.335377646
"United States of America","Boys",1995,13,161.6669477,160.9841248,162.3221858,0.342885544
"United States of America","Boys",1995,14,168.1487689,167.4573157,168.8240763,0.35191152
"United States of America","Boys",1995,15,172.6172383,171.8975245,173.3019714,0.360020958
"United States of America","Boys",1995,16,175.1809188,174.4406248,175.8885093,0.368634275
"United States of America","Boys",1995,17,176.3238358,175.5780035,177.0583465,0.371983273
"United States of America","Boys",1995,18,176.5339551,175.8556555,177.2002056,0.33795126
"United States of America","Boys",1995,19,176.5872289,175.9557001,177.2612272,0.330910086
"United States of America","Boys",1996,5,113.7135437,112.9766211,114.4795026,0.379837709
"United States of America","Boys",1996,6,120.1232404,119.4636913,120.7823838,0.333674997
"United States of America","Boys",1996,7,126.0952656,125.4464437,126.7242312,0.322863925
"United States of America","Boys",1996,8,131.7584178,131.1194525,132.3783146,0.321705478
"United States of America","Boys",1996,9,137.2442626,136.6163399,137.8746075,0.321399015
"United States of America","Boys",1996,10,142.6834942,142.0408891,143.3237698,0.320470225
"United States of America","Boys",1996,11,148.2714543,147.6325355,148.9120092,0.322060221
"United States of America","Boys",1996,12,154.5259536,153.8829373,155.1702456,0.328928136
"United States of America","Boys",1996,13,161.6247483,160.9610854,162.273697,0.337279838
"United States of America","Boys",1996,14,168.1418467,167.4512719,168.8055142,0.343567311
"United States of America","Boys",1996,15,172.6367467,171.9405364,173.3096159,0.351001528
"United States of America","Boys",1996,16,175.2107031,174.4859023,175.9069133,0.362196104
"United States of America","Boys",1996,17,176.3597311,175.6154743,177.0736198,0.368160161
"United States of America","Boys",1996,18,176.5746689,175.8971201,177.2339298,0.334817881
"United States of America","Boys",1996,19,176.626458,175.993981,177.2963992,0.327420539
"United States of America","Boys",1997,5,113.7037366,112.9865604,114.4519104,0.375230023
"United States of America","Boys",1997,6,120.1285478,119.4807236,120.7703173,0.327820077
"United States of America","Boys",1997,7,126.1062853,125.4761862,126.7243024,0.316920997
"United States of America","Boys",1997,8,131.7673905,131.130527,132.3918877,0.315619893
"United States of America","Boys",1997,9,137.2406619,136.6166332,137.8538584,0.315593973
"United States of America","Boys",1997,10,142.657665,142.0473475,143.2787575,0.314322645
"United States of America","Boys",1997,11,148.2282138,147.5976018,148.8508617,0.315301873
"United States of America","Boys",1997,12,154.464129,153.8326921,155.1067707,0.323242897
"United States of America","Boys",1997,13,161.5622041,160.9085043,162.2062383,0.331031084
"United States of America","Boys",1997,14,168.0996473,167.4241087,168.753539,0.338059558
"United States of America","Boys",1997,15,172.6298245,171.9481573,173.3044764,0.342464448
"United States of America","Boys",1997,16,175.2302116,174.511171,175.9198016,0.353665896
"United States of America","Boys",1997,17,176.3895155,175.6533051,177.0844788,0.36183736
"United States of America","Boys",1997,18,176.6105642,175.9514008,177.26309,0.331956982
"United States of America","Boys",1997,19,176.6671717,176.0375239,177.3319529,0.32444679
"United States of America","Boys",1998,5,113.6836757,112.9727202,114.4166237,0.36905844
"United States of America","Boys",1998,6,120.1187407,119.4869036,120.7514686,0.321954771
"United States of America","Boys",1998,7,126.1115928,125.5007487,126.7144677,0.3102218
"United States of America","Boys",1998,8,131.7784102,131.1637565,132.3767542,0.309422665
"United States of America","Boys",1998,9,137.2496346,136.6330645,137.8495611,0.309478097
"United States of America","Boys",1998,10,142.6540643,142.0495375,143.2570986,0.308247845
"United States of America","Boys",1998,11,148.2023846,147.5936529,148.8022864,0.309172691
"United States of America","Boys",1998,12,154.4208885,153.7951658,155.0376616,0.316398505
"United States of America","Boys",1998,13,161.5003795,160.8600273,162.140567,0.325406715
"United States of America","Boys",1998,14,168.0371031,167.3825746,168.6871005,0.331662407
"United States of America","Boys",1998,15,172.5876251,171.9221053,173.2474579,0.336689954
"United States of America","Boys",1998,16,175.2232894,174.5408263,175.8990892,0.344866963
"United States of America","Boys",1998,17,176.4090239,175.6940655,177.0868689,0.353889086
"United States of America","Boys",1998,18,176.6403486,175.9869557,177.2693026,0.326386381
"United States of America","Boys",1998,19,176.703067,176.0832461,177.3474481,0.321692555
"United States of America","Boys",1999,5,113.6542678,112.9605251,114.3691055,0.362215194
"United States of America","Boys",1999,6,120.0986798,119.4934012,120.7257603,0.314528117
"United States of America","Boys",1999,7,126.1017856,125.509334,126.6921163,0.304069992
"United States of America","Boys",1999,8,131.7837177,131.1876585,132.369097,0.302582197
"United States of America","Boys",1999,9,137.2606543,136.6619798,137.8468545,0.303334392
"United States of America","Boys",1999,10,142.663037,142.0615087,143.2619204,0.302188501
"United States of America","Boys",1999,11,148.1987838,147.6019302,148.782715,0.302807413
"United States of America","Boys",1999,12,154.3950592,153.7836395,154.9929523,0.310279559
"United States of America","Boys",1999,13,161.457139,160.8255451,162.0804235,0.31859232
"United States of America","Boys",1999,14,167.9752785,167.3412741,168.6118277,0.325812989
"United States of America","Boys",1999,15,172.525081,171.8827685,173.1686867,0.329693438
"United States of America","Boys",1999,16,175.18109,174.5073459,175.8388401,0.33892313
"United States of America","Boys",1999,17,176.4021017,175.7137195,177.0763569,0.345200019
"United States of America","Boys",1999,18,176.659857,176.0231474,177.2748646,0.320108222
"United States of America","Boys",1999,19,176.7328514,176.1090766,177.3584629,0.317787987
"United States of America","Boys",2000,5,113.6378352,112.9482916,114.3399425,0.356767085
"United States of America","Boys",2000,6,120.0692719,119.4716046,120.675037,0.306769355
"United States of America","Boys",2000,7,126.0817247,125.5076684,126.653489,0.296601079
"United States of America","Boys",2000,8,131.7739106,131.2052837,132.3450673,0.296769745
"United States of America","Boys",2000,9,137.2659618,136.685271,137.8497453,0.296804179
"United States of America","Boys",2000,10,142.6740567,142.0934692,143.2406413,0.296347071
"United States of America","Boys",2000,11,148.2077565,147.6269021,148.7867685,0.296903842
"United States of America","Boys",2000,12,154.3914585,153.7937208,154.9847747,0.303692955
"United States of America","Boys",2000,13,161.4313097,160.8097854,162.0387712,0.312371192
"United States of America","Boys",2000,14,167.932038,167.3082376,168.562311,0.319001922
"United States of America","Boys",2000,15,172.4632563,171.8403118,173.1024997,0.323176326
"United States of America","Boys",2000,16,175.1185458,174.4637821,175.7731247,0.331552536
"United States of America","Boys",2000,17,176.3599023,175.6821924,177.0176656,0.339957278
"United States of America","Boys",2000,18,176.6529348,176.0238871,177.265822,0.313137653
"United States of America","Boys",2000,19,176.7523598,176.1408848,177.3691787,0.313634805
"United States of America","Boys",2001,5,113.6493901,112.9633154,114.35007,0.353272991
"United States of America","Boys",2001,6,120.0528393,119.4691709,120.6491607,0.300176444
"United States of America","Boys",2001,7,126.0523168,125.4892167,126.6117558,0.289155782
"United States of America","Boys",2001,8,131.7538497,131.1990846,132.3094908,0.289962496
"United States of America","Boys",2001,9,137.2561546,136.7002691,137.8207122,0.291661682
"United States of America","Boys",2001,10,142.6793641,142.108863,143.2540601,0.290398763
"United States of America","Boys",2001,11,148.2187762,147.6520089,148.7855659,0.291644883
"United States of America","Boys",2001,12,154.4004312,153.8177793,154.9779245,0.298161412
"United States of America","Boys",2001,13,161.427709,160.8152979,162.0180742,0.305568829
"United States of America","Boys",2001,14,167.9062088,167.295503,168.5124305,0.31274553
"United States of America","Boys",2001,15,172.4200158,171.8086561,173.0324311,0.316281029
"United States of America","Boys",2001,16,175.0567212,174.4221601,175.70611,0.324801278
"United States of America","Boys",2001,17,176.2973582,175.6327171,176.9537859,0.333516614
"United States of America","Boys",2001,18,176.6107354,175.9797583,177.2152365,0.31047378
"United States of America","Boys",2001,19,176.7454376,176.14211,177.3596432,0.309183756
"United States of America","Boys",2002,5,113.716584,113.0467538,114.3949345,0.349865657
"United States of America","Boys",2002,6,120.0643942,119.4968521,120.6499569,0.295859071
"United States of America","Boys",2002,7,126.0358842,125.4803982,126.5976661,0.28271359
"United States of America","Boys",2002,8,131.7244418,131.1794212,132.2773674,0.283447316
"United States of America","Boys",2002,9,137.2360938,136.6896825,137.792609,0.285822064
"United States of America","Boys",2002,10,142.669557,142.12572,143.219739,0.286049014
"United States of America","Boys",2002,11,148.2240837,147.6729805,148.7906208,0.286521797
"United States of America","Boys",2002,12,154.4114509,153.8452566,154.984321,0.293735641
"United States of America","Boys",2002,13,161.4366817,160.8407139,162.0263433,0.300597003
"United States of America","Boys",2002,14,167.902608,167.2959251,168.4987512,0.305966193
"United States of America","Boys",2002,15,172.3941866,171.788652,172.9960152,0.310317339
"United States of America","Boys",2002,16,175.0134807,174.3943058,175.6429768,0.318351254
"United States of America","Boys",2002,17,176.2355335,175.5849622,176.8816193,0.328198922
"United States of America","Boys",2002,18,176.5481912,175.931294,177.1481701,0.307839811
"United States of America","Boys",2002,19,176.7032382,176.0969375,177.3269713,0.308802022
"United States of America","Boys",2003,5,113.8288516,113.1628434,114.5113115,0.347102878
"United States of America","Boys",2003,6,120.131588,119.5752794,120.7100195,0.292061537
"United States of America","Boys",2003,7,126.0474391,125.5102023,126.5899767,0.278616575
"United States of America","Boys",2003,8,131.7080092,131.1730089,132.2458563,0.277947094
"United States of America","Boys",2003,9,137.2066858,136.6658837,137.7541297,0.280428007
"United States of America","Boys",2003,10,142.6494961,142.1184043,143.1972433,0.281212719
"United States of America","Boys",2003,11,148.2142766,147.6711481,148.7670502,0.283037095
"United States of America","Boys",2003,12,154.4167584,153.8565999,154.9942912,0.289824588
"United States of America","Boys",2003,13,161.4477014,160.8743238,162.0382344,0.297076286
"United States of America","Boys",2003,14,167.9115807,167.3201589,168.5145636,0.301913094
"United States of America","Boys",2003,15,172.3905859,171.792774,172.9858968,0.304093182
"United States of America","Boys",2003,16,174.9876514,174.3774736,175.6057479,0.313413314
"United States of America","Boys",2003,17,176.192293,175.5545764,176.8279798,0.323578818
"United States of America","Boys",2003,18,176.4863666,175.8824046,177.0766732,0.307703667
"United States of America","Boys",2003,19,176.6406941,176.0389394,177.2517504,0.309470904
"United States of America","Boys",2004,5,113.9706897,113.3069656,114.6607516,0.344898224
"United States of America","Boys",2004,6,120.2438557,119.6761546,120.8156607,0.289135316
"United States of America","Boys",2004,7,126.114633,125.5817111,126.650441,0.27536304
"United States of America","Boys",2004,8,131.7195641,131.196293,132.2466254,0.274767305
"United States of America","Boys",2004,9,137.1902532,136.6572508,137.7370473,0.276232118
"United States of America","Boys",2004,10,142.6200882,142.0860594,143.1666969,0.276865001
"United States of America","Boys",2004,11,148.1942157,147.6579083,148.734707,0.279159565
"United States of America","Boys",2004,12,154.4069513,153.8432453,154.9732591,0.287501346
"United States of America","Boys",2004,13,161.4530089,160.8807314,162.0390562,0.294686138
"United States of America","Boys",2004,14,167.9226005,167.3407871,168.5205331,0.299487077
"United States of America","Boys",2004,15,172.3995586,171.8106575,172.9926142,0.301501193
"United States of America","Boys",2004,16,174.9840507,174.3705511,175.586557,0.308588507
"United States of America","Boys",2004,17,176.1664638,175.5324182,176.7998879,0.321070704
"United States of America","Boys",2004,18,176.4431261,175.8385824,177.0403746,0.308172068
"United States of America","Boys",2004,19,176.5788694,175.9720834,177.2114256,0.313248099
"United States of America","Boys",2005,5,114.119378,113.4523735,114.8008585,0.345053649
"United States of America","Boys",2005,6,120.3856938,119.8312608,120.9532646,0.287568409
"United States of America","Boys",2005,7,126.2269006,125.6896612,126.7763323,0.272977134
"United States of America","Boys",2005,8,131.7867579,131.2590572,132.3137992,0.272653717
"United States of America","Boys",2005,9,137.2018082,136.673135,137.7469111,0.274336484
"United States of America","Boys",2005,10,142.6036556,142.0720127,143.1453505,0.274050042
"United States of America","Boys",2005,11,148.1648078,147.6312938,148.7050611,0.275713245
"United States of America","Boys",2005,12,154.3868904,153.8377289,154.9474652,0.284784979
"United States of America","Boys",2005,13,161.4432018,160.870383,162.0312707,0.293860393
"United States of America","Boys",2005,14,167.9279079,167.3519889,168.5222487,0.298654593
"United States of America","Boys",2005,15,172.4105783,171.8222628,173.0127498,0.300532878
"United States of America","Boys",2005,16,174.9930234,174.3852447,175.5971093,0.307966119
"United States of America","Boys",2005,17,176.1628631,175.527962,176.7981711,0.318991957
"United States of America","Boys",2005,18,176.4172969,175.8002406,177.0247654,0.310796766
"United States of America","Boys",2005,19,176.5356289,175.921968,177.1728542,0.316887221
"United States of America","Boys",2006,5,114.2295233,113.5596987,114.9151324,0.34795405
"United States of America","Boys",2006,6,120.5343821,119.9692551,121.0975344,0.289015159
"United States of America","Boys",2006,7,126.3687387,125.8289725,126.9112944,0.272385538
"United States of America","Boys",2006,8,131.8990255,131.3646636,132.4409942,0.271259034
"United States of America","Boys",2006,9,137.269002,136.7418223,137.8038748,0.273700574
"United States of America","Boys",2006,10,142.6152105,142.0862428,143.1550648,0.273583635
"United States of America","Boys",2006,11,148.1483752,147.6148495,148.6870268,0.274223442
"United States of America","Boys",2006,12,154.3574824,153.8060889,154.9073219,0.282359335
"United States of America","Boys",2006,13,161.4231409,160.8531083,162.0032403,0.292553226
"United States of America","Boys",2006,14,167.9181008,167.3405756,168.509333,0.299313446
"United States of America","Boys",2006,15,172.4158857,171.8289367,173.0131607,0.301149122
"United States of America","Boys",2006,16,175.0040431,174.4019084,175.6145459,0.308847685
"United States of America","Boys",2006,17,176.1718358,175.5381851,176.7892587,0.320941963
"United States of America","Boys",2006,18,176.4136961,175.7833242,177.0308263,0.313848754
"United States of America","Boys",2006,19,176.5097997,175.8860769,177.1412805,0.322162605
"United States of America","Boys",2007,5,114.3170842,113.6258271,115.0102555,0.353133425
"United States of America","Boys",2007,6,120.6445274,120.0652432,121.2111429,0.293177443
"United States of America","Boys",2007,7,126.5174271,125.9732599,127.0586732,0.275131751
"United States of America","Boys",2007,8,132.0408637,131.5143372,132.5792195,0.27176294
"United States of America","Boys",2007,9,137.3812696,136.8488347,137.9191772,0.273587495
"United States of America","Boys",2007,10,142.6824043,142.1471518,143.2105908,0.274625586
"United States of America","Boys",2007,11,148.1599301,147.6344789,148.6950855,0.275190256
"United States of America","Boys",2007,12,154.3410499,153.7908483,154.8842269,0.282218109
"United States of America","Boys",2007,13,161.3937329,160.8322081,161.9590149,0.291371365
"United States of America","Boys",2007,14,167.8980399,167.3201122,168.4850062,0.299278671
"United States of America","Boys",2007,15,172.4060786,171.8114889,172.9982776,0.303050792
"United States of America","Boys",2007,16,175.0093506,174.3983152,175.6168952,0.311179905
"United States of America","Boys",2007,17,176.1828555,175.5314176,176.8040136,0.324236665
"United States of America","Boys",2007,18,176.4226688,175.793273,177.0374479,0.319833036
"United States of America","Boys",2007,19,176.506199,175.8772305,177.151634,0.327654097
"United States of America","Boys",2008,5,114.366468,113.6574107,115.0849076,0.358559028
"United States of America","Boys",2008,6,120.7320883,120.149962,121.3176513,0.300258249
"United States of America","Boys",2008,7,126.6275723,126.0789971,127.1698074,0.280428594
"United States of America","Boys",2008,8,132.189552,131.6434989,132.7292788,0.275705193
"United States of America","Boys",2008,9,137.5231077,136.9878432,138.0574716,0.275302581
"United States of America","Boys",2008,10,142.794672,142.2655158,143.3355613,0.276026694
"United States of America","Boys",2008,11,148.2271239,147.7007457,148.7602776,0.277965777
"United States of America","Boys",2008,12,154.3526048,153.8089418,154.9045642,0.284554822
"United States of America","Boys",2008,13,161.3773004,160.803517,161.9409465,0.292635828
"United States of America","Boys",2008,14,167.868632,167.2851102,168.464274,0.299336274
"United States of America","Boys",2008,15,172.3860177,171.7923012,172.9795098,0.303925474
"United States of America","Boys",2008,16,174.9995435,174.3844441,175.6029116,0.314468477
"United States of America","Boys",2008,17,176.1881629,175.5264258,176.8217322,0.329130091
"United States of America","Boys",2008,18,176.4336886,175.7895077,177.0675506,0.327369782
"United States of America","Boys",2008,19,176.5151717,175.875329,177.1812744,0.335040809
"United States of America","Boys",2009,5,114.3899877,113.67865,115.1300106,0.365626322
"United States of America","Boys",2009,6,120.7814721,120.1849795,121.3945078,0.308590563
"United States of America","Boys",2009,7,126.7151333,126.1433955,127.2740349,0.289152604
"United States of America","Boys",2009,8,132.2996973,131.736748,132.8477985,0.282141432
"United States of America","Boys",2009,9,137.6717961,137.1221308,138.2124125,0.280414694
"United States of America","Boys",2009,10,142.9365101,142.3949138,143.4754065,0.279155194
"United States of America","Boys",2009,11,148.3393915,147.8015396,148.8800701,0.281019267
"United States of America","Boys",2009,12,154.4197986,153.8707619,154.9753884,0.288771587
"United States of America","Boys",2009,13,161.3888553,160.826339,161.9677624,0.296266706
"United States of America","Boys",2009,14,167.8521994,167.2664281,168.4480508,0.301988386
"United States of America","Boys",2009,15,172.3566098,171.76332,172.9508974,0.305009845
"United States of America","Boys",2009,16,174.9794826,174.3640312,175.5839251,0.316457855
"United States of America","Boys",2009,17,176.1783558,175.5065507,176.8213278,0.334682608
"United States of America","Boys",2009,18,176.438996,175.7737628,177.097786,0.336225947
"United States of America","Boys",2009,19,176.5261914,175.8706955,177.2049303,0.344498021
"United States of America","Boys",2010,5,114.3890118,113.6687593,115.1431869,0.375879517
"United States of America","Boys",2010,6,120.8049917,120.1897224,121.4500236,0.319496026
"United States of America","Boys",2010,7,126.7645171,126.1822724,127.3500262,0.299824792
"United States of America","Boys",2010,8,132.3872582,131.808049,132.9615793,0.292394955
"United States of America","Boys",2010,9,137.7819413,137.2164276,138.3486129,0.288133377
"United States of America","Boys",2010,10,143.0851984,142.5247602,143.6356794,0.285520326
"United States of America","Boys",2010,11,148.4812297,147.9287308,149.034662,0.285737737
"United States of America","Boys",2010,12,154.5320662,153.9710118,155.0929932,0.293258098
"United States of America","Boys",2010,13,161.4560491,160.8727376,162.0450842,0.301476664
"United States of America","Boys",2010,14,167.8637543,167.2728906,168.4696233,0.306793958
"United States of America","Boys",2010,15,172.3401772,171.7308111,172.9508826,0.308927133
"United States of America","Boys",2010,16,174.9500747,174.3241735,175.5642892,0.318308485
"United States of America","Boys",2010,17,176.1582949,175.4858403,176.8028936,0.33862391
"United States of America","Boys",2010,18,176.4291889,175.7469423,177.0977279,0.345556877
"United States of America","Boys",2010,19,176.5314988,175.8562755,177.2296348,0.35460697
"United States of America","Boys",2011,5,114.3705522,113.6243785,115.1436619,0.388828402
"United States of America","Boys",2011,6,120.8040159,120.155481,121.4700273,0.333834649
"United States of America","Boys",2011,7,126.7880367,126.1809943,127.4141463,0.313598737
"United States of America","Boys",2011,8,132.436642,131.8347685,133.0404021,0.304942557
"United States of America","Boys",2011,9,137.8695023,137.2862668,138.4500161,0.299912583
"United States of America","Boys",2011,10,143.1953437,142.6233944,143.7683449,0.294755216
"United States of America","Boys",2011,11,148.629918,148.0518334,149.2070428,0.293403243
"United States of America","Boys",2011,12,154.6739044,154.092299,155.2512603,0.299331536
"United States of America","Boys",2011,13,161.5683167,160.9773579,162.1598392,0.307006778
"United States of America","Boys",2011,14,167.9309481,167.326294,168.5506493,0.312718097
"United States of America","Boys",2011,15,172.3517321,171.7499512,172.9705552,0.314744055
"United States of America","Boys",2011,16,174.9336421,174.3130844,175.5598018,0.323018491
"United States of America","Boys",2011,17,176.128887,175.4533189,176.7858948,0.341353353
"United States of America","Boys",2011,18,176.409128,175.7136847,177.0992924,0.352881684
"United States of America","Boys",2011,19,176.5216917,175.8249649,177.2514767,0.36525173
"United States of America","Boys",2012,5,114.3320189,113.5250168,115.1429758,0.411802677
"United States of America","Boys",2012,6,120.7855563,120.1109039,121.4872248,0.351614012
"United States of America","Boys",2012,7,126.7870609,126.14577,127.4529363,0.330713568
"United States of America","Boys",2012,8,132.4601616,131.8353771,133.1021337,0.320797579
"United States of America","Boys",2012,9,137.9188861,137.2986508,138.538023,0.31407837
"United States of America","Boys",2012,10,143.2829046,142.6717498,143.8845247,0.308083572
"United States of America","Boys",2012,11,148.7400633,148.1425727,149.3262139,0.304274281
"United States of America","Boys",2012,12,154.8225927,154.214935,155.4206425,0.308075305
"United States of America","Boys",2012,13,161.7101548,161.1022189,162.3281943,0.314061805
"United States of America","Boys",2012,14,168.0432157,167.4292677,168.6695879,0.319046659
"United States of America","Boys",2012,15,172.4189259,171.8051116,173.0472772,0.321313646
"United States of America","Boys",2012,16,174.945197,174.3136825,175.5869549,0.329459536
"United States of America","Boys",2012,17,176.1124544,175.4263269,176.7768357,0.346548056
"United States of America","Boys",2012,18,176.3797201,175.6807388,177.0844719,0.358695226
"United States of America","Boys",2012,19,176.5016308,175.7773487,177.2399801,0.373201352
"United States of America","Boys",2013,5,114.2795829,113.4344661,115.1545244,0.444862753
"United States of America","Boys",2013,6,120.747023,120.0053922,121.4984079,0.380254256
"United States of America","Boys",2013,7,126.7686012,126.0813154,127.472749,0.351656744
"United States of America","Boys",2013,8,132.4591858,131.7975832,133.1396097,0.339842538
"United States of America","Boys",2013,9,137.9424057,137.2900233,138.5990538,0.331533435
"United States of America","Boys",2013,10,143.3322884,142.6949135,143.9676151,0.323735722
"United States of America","Boys",2013,11,148.8276242,148.1990164,149.441279,0.318996201
"United States of America","Boys",2013,12,154.9327379,154.3053606,155.5548342,0.32032187
"United States of America","Boys",2013,13,161.8588432,161.2321342,162.494056,0.323702159
"United States of America","Boys",2013,14,168.1850539,167.5513355,168.8292968,0.327032265
"United States of America","Boys",2013,15,172.5311935,171.9027391,173.1750142,0.328352225
"United States of America","Boys",2013,16,175.0123908,174.3663116,175.6710577,0.336634355
"United States of America","Boys",2013,17,176.1240093,175.4295699,176.8128586,0.353479967
"United States of America","Boys",2013,18,176.3632875,175.6503286,177.0845578,0.365778554
"United States of America","Boys",2013,19,176.4722229,175.7470229,177.2265759,0.380661195
"United States of America","Boys",2014,5,114.2075653,113.2442272,115.1838367,0.494317771
"United States of America","Boys",2014,6,120.694587,119.881977,121.531567,0.419823155
"United States of America","Boys",2014,7,126.730068,125.9851346,127.4845086,0.383269875
"United States of America","Boys",2014,8,132.4407262,131.7408592,133.1684397,0.362889504
"United States of America","Boys",2014,9,137.9414299,137.2492398,138.6491923,0.352060702
"United States of America","Boys",2014,10,143.355808,142.6754347,144.0378105,0.342494276
"United States of America","Boys",2014,11,148.877008,148.2155921,149.5327384,0.335885236
"United States of America","Boys",2014,12,155.0202989,154.3562952,155.6622856,0.336038781
"United States of America","Boys",2014,13,161.9689884,161.3087949,162.6234956,0.337059628
"United States of America","Boys",2014,14,168.3337422,167.687875,168.9827108,0.337557731
"United States of America","Boys",2014,15,172.6730317,172.0215235,173.3420117,0.33745618
"United States of America","Boys",2014,16,175.1246584,174.4731691,175.8003983,0.344165681
"United States of America","Boys",2014,17,176.1912031,175.4853445,176.9034831,0.361609696
"United States of America","Boys",2014,18,176.3748424,175.6447717,177.1068109,0.374031038
"United States of America","Boys",2014,19,176.4557903,175.708648,177.226911,0.388757683
"United States of America","Boys",2015,5,114.1224514,113.0359883,115.2249577,0.562937633
"United States of America","Boys",2015,6,120.6225694,119.698183,121.5613934,0.475581489
"United States of America","Boys",2015,7,126.6776319,125.863593,127.5163556,0.425868456
"United States of America","Boys",2015,8,132.4021929,131.6361491,133.1833342,0.396111312
"United States of America","Boys",2015,9,137.9229702,137.1963621,138.6754738,0.376602367
"United States of America","Boys",2015,10,143.3548322,142.6406692,144.0929585,0.364255061
"United States of America","Boys",2015,11,148.9005276,148.2088985,149.604132,0.355562621
"United States of America","Boys",2015,12,155.0696827,154.3788311,155.755918,0.353693435
"United States of America","Boys",2015,13,162.0565494,161.3600162,162.7354761,0.35359473
"United States of America","Boys",2015,14,168.4438875,167.7515612,169.1182689,0.351758394
"United States of America","Boys",2015,15,172.82172,172.152316,173.5047802,0.348928865
"United States of America","Boys",2015,16,175.2664966,174.585916,175.9526488,0.354074738
"United States of America","Boys",2015,17,176.3034708,175.5871331,177.0218131,0.369605824
"United States of America","Boys",2015,18,176.4420362,175.6923386,177.1843468,0.383909964
"United States of America","Boys",2015,19,176.4673452,175.6932757,177.2558957,0.397895062
"United States of America","Boys",2016,5,114.0281011,112.7561988,115.2905026,0.652909451
"United States of America","Boys",2016,6,120.5374555,119.4546623,121.6184838,0.550029994
"United States of America","Boys",2016,7,126.6056143,125.6634686,127.5603633,0.483891889
"United States of America","Boys",2016,8,132.3497569,131.4923319,133.2133101,0.440093085
"United States of America","Boys",2016,9,137.884437,137.0932546,138.6953936,0.410780353
"United States of America","Boys",2016,10,143.3363726,142.5910019,144.1172121,0.389890093
"United States of America","Boys",2016,11,148.8995518,148.1659515,149.6534047,0.378189322
"United States of America","Boys",2016,12,155.0932023,154.3736925,155.8360562,0.373732934
"United States of America","Boys",2016,13,162.1059332,161.3838667,162.8231032,0.371794996
"United States of America","Boys",2016,14,168.5314484,167.8061224,169.2488086,0.369014779
"United States of America","Boys",2016,15,172.9318653,172.2355658,173.6382837,0.363669801
"United States of America","Boys",2016,16,175.4151849,174.7004644,176.1204734,0.366047429
"United States of America","Boys",2016,17,176.4453089,175.7169633,177.1731979,0.379713166
"United States of America","Boys",2016,18,176.5543038,175.7920512,177.3058358,0.393084536
"United States of America","Boys",2016,19,176.534539,175.7545229,177.3339134,0.408045512
"United States of America","Boys",2017,5,113.9336061,112.4144239,115.4169523,0.764882401
"United States of America","Boys",2017,6,120.4431052,119.163467,121.7023907,0.644505456
"United States of America","Boys",2017,7,126.5205005,125.4234953,127.6171305,0.5600614
"United States of America","Boys",2017,8,132.2777392,131.2982568,133.2517341,0.498754799
"United States of America","Boys",2017,9,137.8320009,136.9418514,138.722281,0.455361332
"United States of America","Boys",2017,10,143.2978393,142.472242,144.1420432,0.424663481
"United States of America","Boys",2017,11,148.8810922,148.1043012,149.6768194,0.404424351
"United States of America","Boys",2017,12,155.0922265,154.3403067,155.8773613,0.396573559
"United States of America","Boys",2017,13,162.1294528,161.3664867,162.9063938,0.391940912
"United States of America","Boys",2017,14,168.5808322,167.8124474,169.3336664,0.387661258
"United States of America","Boys",2017,15,173.0194262,172.2730845,173.7602152,0.381502109
"United States of America","Boys",2017,16,175.5253302,174.7758654,176.2606239,0.380708382
"United States of America","Boys",2017,17,176.5939972,175.8364029,177.3472044,0.391555528
"United States of America","Boys",2017,18,176.696142,175.9179975,177.4743159,0.403438415
"United States of America","Boys",2017,19,176.6468067,175.8534004,177.464985,0.417438175
"United States of America","Boys",2018,5,113.8399751,112.0766911,115.5738865,0.896150991
"United States of America","Boys",2018,6,120.3486102,118.8679814,121.8425794,0.760111823
"United States of America","Boys",2018,7,126.4261501,125.1425652,127.7203747,0.655326077
"United States of America","Boys",2018,8,132.1926254,131.0677377,133.3184553,0.575160065
"United States of America","Boys",2018,9,137.7599833,136.7532554,138.7690738,0.51398933
"United States of America","Boys",2018,10,143.2454033,142.3382637,144.1619634,0.469404658
"United States of America","Boys",2018,11,148.8425589,147.9918378,149.7208936,0.439345874
"United States of America","Boys",2018,12,155.0737668,154.2570926,155.9010724,0.422797341
"United States of America","Boys",2018,13,162.128477,161.3271208,162.9454008,0.414600986
"United States of America","Boys",2018,14,168.6043518,167.8067729,169.4089303,0.407764129
"United States of America","Boys",2018,15,173.06881,172.2782074,173.8475432,0.400514138
"United States of America","Boys",2018,16,175.6128911,174.829269,176.37718,0.398392429
"United States of America","Boys",2018,17,176.7041425,175.9188786,177.4845866,0.405621941
"United States of America","Boys",2018,18,176.8448303,176.0435874,177.6466013,0.415438497
"United States of America","Boys",2018,19,176.7886448,175.962122,177.6337148,0.427603679
"United States of America","Boys",2019,5,113.7462701,111.6922949,115.7524023,1.045779771
"United States of America","Boys",2019,6,120.2549792,118.4820823,122.0019508,0.893980997
"United States of America","Boys",2019,7,126.3316552,124.8318887,127.8507557,0.771221766
"United States of America","Boys",2019,8,132.0982751,130.7855003,133.4155349,0.670055337
"United States of America","Boys",2019,9,137.6748695,136.5271424,138.838,0.590054072
"United States of America","Boys",2019,10,143.1733857,142.1292454,144.2119452,0.527675972
"United States of America","Boys",2019,11,148.7901229,147.8598485,149.7335026,0.483746038
"United States of America","Boys",2019,12,155.0352336,154.1463798,155.9477523,0.457299076
"United States of America","Boys",2019,13,162.1100173,161.255246,162.9725584,0.440571409
"United States of America","Boys",2019,14,168.603376,167.7661953,169.4497754,0.430162575
"United States of America","Boys",2019,15,173.0923296,172.2616504,173.911676,0.420466946
"United States of America","Boys",2019,16,175.6622749,174.8339295,176.4715395,0.417299742
"United States of America","Boys",2019,17,176.7917034,175.9664524,177.6083127,0.422486899
"United States of America","Boys",2019,18,176.9549756,176.1225293,177.7779632,0.429525615
"United States of America","Boys",2019,19,176.9373331,176.0774094,177.8051334,0.439601514
"United States of America","Girls",1985,5,112.1523093,111.3833599,112.924357,0.395675376
"United States of America","Girls",1985,6,119.039679,118.3302862,119.7611665,0.363946447
"United States of America","Girls",1985,7,125.26895,124.5749173,125.9821307,0.359059358
"United States of America","Girls",1985,8,131.137729,130.4578444,131.8551062,0.36258007
"United States of America","Girls",1985,9,136.9445746,136.2527454,137.6683292,0.364879296
"United States of America","Girls",1985,10,142.973904,142.2664035,143.6922229,0.36676183
"United States of America","Girls",1985,11,149.2473563,148.5282462,149.9582348,0.36729541
"United States of America","Girls",1985,12,154.7552415,154.0235241,155.4757124,0.369790783
"United States of America","Girls",1985,13,158.5257949,157.7964888,159.2524224,0.372355289
"United States of America","Girls",1985,14,160.7695943,160.0431319,161.4993348,0.374956489
"United States of America","Girls",1985,15,161.9626007,161.2283155,162.6981966,0.378467079
"United States of America","Girls",1985,16,162.4476922,161.6936896,163.199691,0.383934843
"United States of America","Girls",1985,17,162.5544873,161.7893656,163.3098017,0.384461692
"United States of America","Girls",1985,18,162.6243691,161.8575157,163.3826548,0.384374762
"United States of America","Girls",1985,19,162.9542244,162.1451092,163.7599939,0.412479601
"United States of America","Girls",1986,5,112.1302917,111.3796519,112.8936638,0.387484433
"United States of America","Girls",1986,6,119.0148024,118.3254291,119.7181978,0.355694407
"United States of America","Girls",1986,7,125.2433749,124.5682119,125.9446414,0.350561686
"United States of America","Girls",1986,8,131.1155138,130.4456129,131.8118515,0.352707326
"United States of America","Girls",1986,9,136.9254251,136.2520784,137.6256676,0.354635369
"United States of America","Girls",1986,10,142.958064,142.273682,143.6522667,0.356743072
"United States of America","Girls",1986,11,149.2363779,148.5398421,149.9248142,0.357691074
"United States of America","Girls",1986,12,154.7497289,154.029721,155.4415452,0.3602644
"United States of America","Girls",1986,13,158.5255269,157.802145,159.2294221,0.362730397
"United States of America","Girls",1986,14,160.7726825,160.0597926,161.4805937,0.365265364
"United States of America","Girls",1986,15,161.9667647,161.2413562,162.6875749,0.369140187
"United States of America","Girls",1986,16,162.4616046,161.7279876,163.1885026,0.373915156
"United States of America","Girls",1986,17,162.5700337,161.832402,163.2966418,0.371262912
"United States of America","Girls",1986,18,162.6396915,161.9072521,163.3537028,0.364733343
"United States of America","Girls",1986,19,162.9696194,162.2214911,163.7112824,0.383917565
"United States of America","Girls",1987,5,112.1060091,111.3755336,112.8495132,0.379525037
"United States of America","Girls",1987,6,118.9927848,118.3167866,119.6862649,0.347062424
"United States of America","Girls",1987,7,125.2184983,124.5519099,125.9014398,0.342169738
"United States of America","Girls",1987,8,131.0899388,130.4360494,131.7664307,0.344244168
"United States of America","Girls",1987,9,136.9032099,136.2473648,137.5873957,0.344882433
"United States of America","Girls",1987,10,142.9389145,142.2641887,143.6111397,0.346718749
"United States of America","Girls",1987,11,149.2205378,148.542657,149.8881887,0.347915795
"United States of America","Girls",1987,12,154.7387505,154.0440189,155.4140512,0.351019487
"United States of America","Girls",1987,13,158.5200143,157.8116742,159.2028834,0.353656993
"United States of America","Girls",1987,14,160.7724145,160.0757179,161.468791,0.356006885
"United States of America","Girls",1987,15,161.9698528,161.2618205,162.6762908,0.359733758
"United States of America","Girls",1987,16,162.4657686,161.7514412,163.1830924,0.364687245
"United States of America","Girls",1987,17,162.5839461,161.8740704,163.2931925,0.361037161
"United States of America","Girls",1987,18,162.6552378,161.971925,163.3475503,0.351171875
"United States of America","Girls",1987,19,162.9849417,162.2711348,163.6948441,0.36469724
"United States of America","Girls",1988,5,112.074496,111.3497858,112.8009816,0.372510386
"United States of America","Girls",1988,6,118.9685022,118.313392,119.6295646,0.338341123
"United States of America","Girls",1988,7,125.1964807,124.5502764,125.8590471,0.333614021
"United States of America","Girls",1988,8,131.0650621,130.4126974,131.7288474,0.335898822
"United States of America","Girls",1988,9,136.8776349,136.2283299,137.543318,0.336371623
"United States of America","Girls",1988,10,142.9166994,142.2542496,143.5731576,0.337177771
"United States of America","Girls",1988,11,149.2013884,148.5387625,149.8467782,0.338133192
"United States of America","Girls",1988,12,154.7229105,154.0514305,155.3770301,0.341576873
"United States of America","Girls",1988,13,158.5090359,157.8280022,159.1738779,0.344771462
"United States of America","Girls",1988,14,160.7669019,160.0794558,161.4368492,0.347384716
"United States of America","Girls",1988,15,161.9695849,161.2864559,162.6574974,0.350868675
"United States of America","Girls",1988,16,162.4688568,161.7699403,163.1583373,0.355537736
"United States of America","Girls",1988,17,162.5881101,161.8968097,163.2787609,0.351658456
"United States of America","Girls",1988,18,162.6691503,162.0042172,163.3472638,0.340587173
"United States of America","Girls",1988,19,163.0004881,162.3180169,163.6884568,0.351887218
"United States of America","Girls",1989,5,112.0371514,111.3284724,112.7512126,0.365834998
"United States of America","Girls",1989,6,118.9369891,118.2856699,119.5909122,0.33072542
"United States of America","Girls",1989,7,125.1721981,124.5408009,125.81715,0.324881559
"United States of America","Girls",1989,8,131.0430446,130.4065691,131.6959909,0.327550853
"United States of America","Girls",1989,9,136.8527582,136.2105567,137.5018498,0.328102323
"United States of America","Girls",1989,10,142.8911243,142.243172,143.5364179,0.32864158
"United States of America","Girls",1989,11,149.1791732,148.5296584,149.8141638,0.328817592
"United States of America","Girls",1989,12,154.703761,154.04578,155.3334738,0.332135569
"United States of America","Girls",1989,13,158.4931959,157.8282259,159.1330801,0.335670469
"United States of America","Girls",1989,14,160.7559235,160.0951109,161.4087207,0.338876825
"United States of America","Girls",1989,15,161.9640723,161.2888982,162.6339982,0.342734928
"United States of America","Girls",1989,16,162.4685888,161.790419,163.1413498,0.347028818
"United States of America","Girls",1989,17,162.5911983,161.9240069,163.2582555,0.342472409
"United States of America","Girls",1989,18,162.6733142,162.0321001,163.3275803,0.330722355
"United States of America","Girls",1989,19,163.0144005,162.3470983,163.6861417,0.34193265
"United States of America","Girls",1990,5,112.000256,111.2925739,112.7008281,0.359882126
"United States of America","Girls",1990,6,118.8996445,118.2609365,119.5431117,0.323800379
"United States of America","Girls",1990,7,125.140685,124.525347,125.7798747,0.317305141
"United States of America","Girls",1990,8,131.0187619,130.397075,131.6471317,0.319007652
"United States of America","Girls",1990,9,136.8307407,136.2129657,137.4649328,0.319902238
"United States of America","Girls",1990,10,142.8662476,142.2266448,143.4887038,0.320500951
"United States of America","Girls",1990,11,149.1535981,148.5285879,149.7816201,0.320352114
"United States of America","Girls",1990,12,154.6815458,154.0518867,155.2998683,0.32318439
"United States of America","Girls",1990,13,158.4740464,157.8324091,159.0985217,0.326594985
"United States of America","Girls",1990,14,160.7400834,160.093456,161.3761918,0.330150274
"United States of America","Girls",1990,15,161.9530938,161.2926024,162.5981129,0.334676593
"United States of America","Girls",1990,16,162.4630762,161.7943572,163.1157841,0.339330676
"United States of America","Girls",1990,17,162.5909303,161.9369195,163.2391202,0.33401113
"United States of America","Girls",1990,18,162.6764024,162.0545094,163.3090415,0.321035597
"United States of America","Girls",1990,19,163.0185645,162.3663748,163.6727782,0.332287611
"United States of America","Girls",1991,5,111.9670984,111.2732403,112.6544456,0.354979216
"United States of America","Girls",1991,6,118.862749,118.2323833,119.5006678,0.317681194
"United States of America","Girls",1991,7,125.1033404,124.4988188,125.7211786,0.310378874
"United States of America","Girls",1991,8,130.9872489,130.3840615,131.6080703,0.311650148
"United States of America","Girls",1991,9,136.806458,136.1986374,137.4245752,0.311404478
"United States of America","Girls",1991,10,142.8442301,142.2282052,143.4554961,0.312461901
"United States of America","Girls",1991,11,149.1287215,148.5141163,149.7367384,0.312355138
"United States of America","Girls",1991,12,154.6559708,154.0502266,155.2626422,0.31500016
"United States of America","Girls",1991,13,158.4518313,157.8316006,159.0605203,0.31812607
"United States of America","Girls",1991,14,160.720934,160.0857092,161.345473,0.321472743
"United States of America","Girls",1991,15,161.9372538,161.2954512,162.5723617,0.326418738
"United States of America","Girls",1991,16,162.4520978,161.8096787,163.0838701,0.331758614
"United States of America","Girls",1991,17,162.5854177,161.9441368,163.2047281,0.326383125
"United States of America","Girls",1991,18,162.6761344,162.0714844,163.2815363,0.312170979
"United States of America","Girls",1991,19,163.0216527,162.3888106,163.6510693,0.322639181
"United States of America","Girls",1992,5,111.9421912,111.2547824,112.6277692,0.350837711
"United States of America","Girls",1992,6,118.8295915,118.2095887,119.4495293,0.312693899
"United States of America","Girls",1992,7,125.0664449,124.4720365,125.6590889,0.304256003
"United States of America","Girls",1992,8,130.9499042,130.359919,131.5488449,0.304797085
"United States of America","Girls",1992,9,136.774945,136.1782445,137.3743287,0.304167244
"United States of America","Girls",1992,10,142.8199475,142.2290247,143.4178453,0.304018848
"United States of America","Girls",1992,11,149.1067039,148.5072824,149.6976935,0.304497958
"United States of America","Girls",1992,12,154.6310941,154.0366773,155.2295615,0.307307247
"United States of America","Girls",1992,13,158.4262562,157.8300821,159.0268568,0.310375617
"United States of America","Girls",1992,14,160.6987188,160.0926774,161.3063351,0.313561647
"United States of America","Girls",1992,15,161.9181043,161.2899416,162.5404236,0.318220141
"United States of America","Girls",1992,16,162.4362578,161.7959844,163.0529058,0.324053125
"United States of America","Girls",1992,17,162.5744393,161.9614056,163.1744556,0.319023211
"United States of America","Girls",1992,18,162.6706218,162.0833757,163.2466848,0.304119396
"United States of America","Girls",1992,19,163.0213847,162.4021328,163.6215765,0.313758718
"United States of America","Girls",1993,5,111.9320149,111.2488234,112.6029038,0.347218095
"United States of America","Girls",1993,6,118.8046843,118.1896966,119.4127256,0.308339906
"United States of America","Girls",1993,7,125.0332874,124.4456098,125.6161912,0.299376746
"United States of America","Girls",1993,8,130.9130088,130.3310598,131.4983665,0.298716067
"United States of America","Girls",1993,9,136.7376003,136.1590497,137.3328609,0.297436095
"United States of America","Girls",1993,10,142.7884344,142.2056958,143.3750439,0.296911221
"United States of America","Girls",1993,11,149.0824213,148.5026546,149.6659892,0.296227066
"United States of America","Girls",1993,12,154.6090766,154.0266682,155.1891334,0.299759236
"United States of America","Girls",1993,13,158.4013795,157.809413,158.998438,0.303145457
"United States of America","Girls",1993,14,160.6731437,160.0828595,161.2707208,0.306367019
"United States of America","Girls",1993,15,161.8958892,161.2818676,162.4974074,0.310925447
"United States of America","Girls",1993,16,162.4171083,161.7895229,163.0267724,0.316409789
"United States of America","Girls",1993,17,162.5585993,161.9495593,163.149326,0.311598651
"United States of America","Girls",1993,18,162.6596434,162.0873232,163.2254589,0.296487239
"United States of America","Girls",1993,19,163.0158721,162.4183349,163.597317,0.305481341
"United States of America","Girls",1994,5,111.9350192,111.2555476,112.6017501,0.343274459
"United States of America","Girls",1994,6,118.794508,118.1909554,119.3938171,0.303968106
"United States of America","Girls",1994,7,125.0083802,124.4186757,125.5798217,0.294903363
"United States of America","Girls",1994,8,130.8798512,130.3046782,131.4556599,0.293894699
"United States of America","Girls",1994,9,136.7007049,136.1256987,137.2736033,0.291458186
"United States of America","Girls",1994,10,142.7510897,142.188701,143.3129536,0.290361667
"United States of America","Girls",1994,11,149.0509082,148.4871125,149.6136901,0.289312491
"United States of America","Girls",1994,12,154.5847939,154.0170576,155.1548361,0.291841833
"United States of America","Girls",1994,13,158.379362,157.8036245,158.9607846,0.295982249
"United States of America","Girls",1994,14,160.6482671,160.0745312,161.2439552,0.299718715
"United States of America","Girls",1994,15,161.8703141,161.2775341,162.4631225,0.304413251
"United States of America","Girls",1994,16,162.3948931,161.7879279,162.9906464,0.309807966
"United States of America","Girls",1994,17,162.5394498,161.9547161,163.1278627,0.304307209
"United States of America","Girls",1994,18,162.6438034,162.0824154,163.1985204,0.288939493
"United States of America","Girls",1994,19,163.0048937,162.4248295,163.5816042,0.298039466
"United States of America","Girls",1995,5,111.9525601,111.2839779,112.6042342,0.339794669
"United States of America","Girls",1995,6,118.7975123,118.203886,119.379253,0.298915242
"United States of America","Girls",1995,7,124.9982039,124.4178384,125.5626028,0.290105593
"United States of America","Girls",1995,8,130.854944,130.284757,131.4193989,0.289288792
"United States of America","Girls",1995,9,136.6675473,136.1038998,137.2305807,0.286571102
"United States of America","Girls",1995,10,142.7141943,142.154222,143.2692072,0.284541204
"United States of America","Girls",1995,11,149.0135635,148.4649998,149.5585966,0.282910219
"United States of America","Girls",1995,12,154.5532809,154.0034838,155.0999916,0.285220732
"United States of America","Girls",1995,13,158.3550794,157.7956147,158.9138194,0.288451574
"United States of America","Girls",1995,14,160.6262495,160.0603928,161.2040373,0.293009483
"United States of America","Girls",1995,15,161.8454374,161.2645846,162.4301652,0.298452595
"United States of America","Girls",1995,16,162.3693181,161.7753375,162.962792,0.304128554
"United States of America","Girls",1995,17,162.5172346,161.933861,163.0968002,0.298229949
"United States of America","Girls",1995,18,162.6246539,162.077522,163.1769425,0.281684117
"United States of America","Girls",1995,19,162.9890536,162.4163037,163.5461626,0.291037925
"United States of America","Girls",1996,5,111.9884897,111.328256,112.6365507,0.335934029
"United States of America","Girls",1996,6,118.8150532,118.2374455,119.3901143,0.294181442
"United States of America","Girls",1996,7,125.0012082,124.4370326,125.5603869,0.284431508
"United States of America","Girls",1996,8,130.8447677,130.2876208,131.3971539,0.284200474
"United States of America","Girls",1996,9,136.6426401,136.0897799,137.1889602,0.281814089
"United States of America","Girls",1996,10,142.6810368,142.1304047,143.2255655,0.279609136
"United States of America","Girls",1996,11,148.9766681,148.4287586,149.5206447,0.277197637
"United States of America","Girls",1996,12,154.5159362,153.9793462,155.0531793,0.279003827
"United States of America","Girls",1996,13,158.3235663,157.7803545,158.8658828,0.282092763
"United States of America","Girls",1996,14,160.6019669,160.0446417,161.1615657,0.285838201
"United States of America","Girls",1996,15,161.8234199,161.253383,162.3989479,0.292309848
"United States of America","Girls",1996,16,162.3444414,161.7573784,162.9236867,0.299013956
"United States of America","Girls",1996,17,162.4916595,161.9195568,163.0585706,0.293370934
"United States of America","Girls",1996,18,162.6024388,162.0610338,163.1446442,0.275804388
"United States of America","Girls",1996,19,162.9699042,162.4056396,163.5227459,0.284625956
"United States of America","Girls",1997,5,112.0323587,111.3601382,112.6821664,0.332157469
"United States of America","Girls",1997,6,118.8509828,118.2723863,119.4164101,0.288905443
"United States of America","Girls",1997,7,125.0187491,124.4692776,125.56857,0.279017567
"United States of America","Girls",1997,8,130.847772,130.2935067,131.3925109,0.278181799
"United States of America","Girls",1997,9,136.6324638,136.0930833,137.1676631,0.276435524
"United States of America","Girls",1997,10,142.6561295,142.112644,143.1883297,0.274742318
"United States of America","Girls",1997,11,148.9435106,148.4046044,149.4737696,0.27231671
"United States of America","Girls",1997,12,154.4790408,153.9454819,155.0049924,0.273468754
"United States of America","Girls",1997,13,158.2862216,157.7495839,158.8156483,0.27604661
"United States of America","Girls",1997,14,160.5704538,160.0303054,161.1130389,0.279704494
"United States of America","Girls",1997,15,161.7991373,161.2414292,162.3590156,0.285515014
"United States of America","Girls",1997,16,162.3224239,161.7525307,162.892758,0.293651839
"United States of America","Girls",1997,17,162.4667829,161.90931,163.0272063,0.289133913
"United States of America","Girls",1997,18,162.5768637,162.0459029,163.1083372,0.271563546
"United States of America","Girls",1997,19,162.947689,162.3972825,163.4918514,0.279741278
"United States of America","Girls",1998,5,112.0832394,111.4290281,112.7284123,0.328253633
"United States of America","Girls",1998,6,118.8948518,118.3281869,119.4540031,0.283961748
"United States of America","Girls",1998,7,125.0546787,124.5112742,125.5913036,0.273114519
"United States of America","Girls",1998,8,130.8653129,130.3202481,131.3894116,0.272438697
"United States of America","Girls",1998,9,136.6354681,136.1133486,137.1643499,0.270164611
"United States of America","Girls",1998,10,142.6459533,142.1196611,143.1722508,0.269207053
"United States of America","Girls",1998,11,148.9186034,148.3946258,149.4363926,0.267362007
"United States of America","Girls",1998,12,154.4458832,153.9147227,154.969387,0.268746947
"United States of America","Girls",1998,13,158.2493262,157.7194771,158.7752933,0.270760125
"United States of America","Girls",1998,14,160.5331092,159.9975295,161.0670313,0.273821392
"United States of America","Girls",1998,15,161.7676242,161.2253191,162.3167188,0.27967458
"United States of America","Girls",1998,16,162.2981412,161.7424198,162.8555429,0.287527248
"United States of America","Girls",1998,17,162.4447653,161.9052831,162.9977593,0.284669034
"United States of America","Girls",1998,18,162.551987,162.0325119,163.0809411,0.268091385
"United States of America","Girls",1998,19,162.9221139,162.3742779,163.4645452,0.277011989
"United States of America","Girls",1999,5,112.1338646,111.4821292,112.7627126,0.324184333
"United States of America","Girls",1999,6,118.9457325,118.3840064,119.4832483,0.278686918
"United States of America","Girls",1999,7,125.0985477,124.567138,125.6239392,0.267736881
"United States of America","Girls",1999,8,130.9012425,130.3792958,131.4256675,0.26638672
"United States of America","Girls",1999,9,136.653009,136.1339654,137.1643206,0.264218069
"United States of America","Girls",1999,10,142.6489575,142.1317216,143.1561177,0.262929533
"United States of America","Girls",1999,11,148.9084271,148.3931887,149.4218854,0.261876571
"United States of America","Girls",1999,12,154.420976,153.9027598,154.939253,0.263780307
"United States of America","Girls",1999,13,158.2161687,157.6916838,158.7331242,0.2661852
"United States of America","Girls",1999,14,160.4962137,159.9737373,161.0214159,0.268824622
"United States of America","Girls",1999,15,161.7302795,161.2027321,162.2642565,0.274060093
"United States of America","Girls",1999,16,162.2666282,161.7255927,162.8185608,0.28241297
"United States of America","Girls",1999,17,162.4204827,161.8788165,162.9728171,0.279584955
"United States of America","Girls",1999,18,162.5299695,162.0206336,163.0491705,0.264542994
"United States of America","Girls",1999,19,162.8972373,162.3568429,163.4428078,0.275367575
"United States of America","Girls",2000,5,112.1854475,111.5508701,112.8024615,0.319996571
"United States of America","Girls",2000,6,118.9963577,118.4417696,119.5231214,0.273782352
"United States of America","Girls",2000,7,125.1494284,124.6283652,125.6588186,0.262082973
"United States of America","Girls",2000,8,130.9451115,130.4223505,131.4574279,0.261062267
"United States of America","Girls",2000,9,136.6889386,136.1787204,137.1909591,0.258168517
"United States of America","Girls",2000,10,142.6664985,142.1633601,143.1599859,0.257076013
"United States of America","Girls",2000,11,148.9114314,148.4019231,149.4070302,0.255915273
"United States of America","Girls",2000,12,154.4107997,153.9021911,154.9187738,0.258577972
"United States of America","Girls",2000,13,158.1912614,157.6792624,158.7005959,0.261230491
"United States of America","Girls",2000,14,160.4630562,159.9439146,160.9804498,0.264434926
"United States of America","Girls",2000,15,161.6933841,161.1733442,162.2204895,0.269450309
"United States of America","Girls",2000,16,162.2292835,161.6948848,162.7722909,0.27762757
"United States of America","Girls",2000,17,162.3889696,161.8533865,162.9239328,0.275743515
"United States of America","Girls",2000,18,162.5056869,161.9987551,163.0210906,0.260830161
"United States of America","Girls",2000,19,162.8752197,162.3479042,163.4138506,0.274007743
"United States of America","Girls",2001,5,112.2379294,111.6074029,112.847597,0.316080127
"United States of America","Girls",2001,6,119.0479406,118.5106452,119.5655535,0.268781644
"United States of America","Girls",2001,7,125.2000536,124.6911719,125.7057072,0.257211393
"United States of America","Girls",2001,8,130.9959923,130.4839527,131.4967873,0.255608948
"United States of America","Girls",2001,9,136.7328076,136.2337559,137.2295621,0.253114464
"United States of America","Girls",2001,10,142.7024281,142.208172,143.1929921,0.251299505
"United States of America","Girls",2001,11,148.9289723,148.4337507,149.4127821,0.250545166
"United States of America","Girls",2001,12,154.413804,153.9123979,154.9017091,0.253241629
"United States of America","Girls",2001,13,158.1810852,157.6807593,158.6799207,0.256410071
"United States of America","Girls",2001,14,160.438149,159.9244159,160.9468571,0.259603355
"United States of America","Girls",2001,15,161.6602266,161.1465663,162.1758696,0.265452416
"United States of America","Girls",2001,16,162.1923881,161.6630367,162.7319876,0.273918103
"United States of America","Girls",2001,17,162.351625,161.8193986,162.8839958,0.272534638
"United States of America","Girls",2001,18,162.4741738,161.974329,162.9838708,0.25871536
"United States of America","Girls",2001,19,162.8509371,162.3193537,163.3927173,0.273760003
"United States of America","Girls",2002,5,112.2983865,111.6749967,112.8979337,0.312780892
"United States of America","Girls",2002,6,119.1004225,118.5873168,119.6088654,0.264613793
"United States of America","Girls",2002,7,125.2516365,124.757766,125.7448685,0.252348691
"United States of America","Girls",2002,8,131.0466175,130.5507311,131.5376631,0.251211531
"United States of America","Girls",2002,9,136.7836884,136.2894857,137.2742143,0.248020959
"United States of America","Girls",2002,10,142.746297,142.2496834,143.2280297,0.246735193
"United States of America","Girls",2002,11,148.9649019,148.4784163,149.4387483,0.245372276
"United States of America","Girls",2002,12,154.4313449,153.9461602,154.8987255,0.248658098
"United States of America","Girls",2002,13,158.1840894,157.6900799,158.6730255,0.251800103
"United States of America","Girls",2002,14,160.4279727,159.9242828,160.9267541,0.255309476
"United States of America","Girls",2002,15,161.6353193,161.1328752,162.1342997,0.261054992
"United States of America","Girls",2002,16,162.1592305,161.6309299,162.6902873,0.270997721
"United States of America","Girls",2002,17,162.3147296,161.7911943,162.8369302,0.270486888
"United States of America","Girls",2002,18,162.4368291,161.9392982,162.9501715,0.257539089
"United States of America","Girls",2002,19,162.819424,162.2839409,163.3647099,0.275605581
"United States of America","Girls",2003,5,112.3724907,111.7509233,112.9741535,0.309666167
"United States of America","Girls",2003,6,119.1608796,118.6543315,119.6644661,0.261094607
"United States of America","Girls",2003,7,125.3041184,124.829042,125.7785825,0.248708195
"United States of America","Girls",2003,8,131.0982003,130.6138017,131.583403,0.246953746
"United States of America","Girls",2003,9,136.8343136,136.3448191,137.3217706,0.244188875
"United States of America","Girls",2003,10,142.7971778,142.3188947,143.2757526,0.242302383
"United States of America","Girls",2003,11,149.0087709,148.5348831,149.4845941,0.241473169
"United States of America","Girls",2003,12,154.4672745,153.9851793,154.936073,0.244394366
"United States of America","Girls",2003,13,158.2016304,157.7217993,158.6844085,0.248028837
"United States of America","Girls",2003,14,160.430977,159.9421543,160.9190296,0.251553052
"United States of America","Girls",2003,15,161.6251431,161.1247171,162.117689,0.257586348
"United States of America","Girls",2003,16,162.1343233,161.6026463,162.6543234,0.267901939
"United States of America","Girls",2003,17,162.281572,161.7535513,162.7990431,0.269537337
"United States of America","Girls",2003,18,162.3999337,161.9042981,162.9115576,0.257635744
"United States of America","Girls",2003,19,162.7820794,162.23575,163.3336766,0.278824442
"United States of America","Girls",2004,5,112.4622545,111.8461699,113.0677485,0.307028154
"United States of America","Girls",2004,6,119.2349838,118.7278592,119.7398634,0.258068825
"United States of America","Girls",2004,7,125.3645755,124.8896422,125.8359041,0.245578419
"United States of America","Girls",2004,8,131.1506822,130.6753644,131.6207869,0.244155388
"United States of America","Girls",2004,9,136.8858964,136.400317,137.3603188,0.240615769
"United States of America","Girls",2004,10,142.847803,142.3632437,143.3225423,0.239295046
"United States of America","Girls",2004,11,149.0596516,148.5949679,149.5252296,0.238091376
"United States of America","Girls",2004,12,154.5111435,154.0362969,154.9740768,0.241439165
"United States of America","Girls",2004,13,158.23756,157.7605539,158.7110866,0.244758511
"United States of America","Girls",2004,14,160.4485179,159.968322,160.9310122,0.248650985
"United States of America","Girls",2004,15,161.6281474,161.1308192,162.1206175,0.254948821
"United States of America","Girls",2004,16,162.124147,161.6042356,162.6352497,0.266033307
"United States of America","Girls",2004,17,162.2566648,161.7287251,162.7761073,0.268718631
"United States of America","Girls",2004,18,162.3667761,161.8589972,162.8806731,0.259189319
"United States of America","Girls",2004,19,162.7451839,162.1963358,163.3101612,0.282994531
"United States of America","Girls",2005,5,112.5669546,111.9559474,113.1635095,0.30458444
"United States of America","Girls",2005,6,119.3247476,118.8249112,119.8288203,0.255922899
"United States of America","Girls",2005,7,125.4386797,124.9705172,125.9043303,0.243370979
"United States of America","Girls",2005,8,131.2111393,130.7353551,131.6742212,0.241764129
"United States of America","Girls",2005,9,136.9383783,136.468578,137.4053299,0.238686277
"United States of America","Girls",2005,10,142.8993859,142.4249348,143.3638125,0.236689873
"United States of America","Girls",2005,11,149.1102768,148.6387881,149.5787631,0.236269745
"United States of America","Girls",2005,12,154.5620243,154.0960291,155.0247465,0.239384014
"United States of America","Girls",2005,13,158.2814289,157.8078833,158.7514055,0.242978439
"United States of America","Girls",2005,14,160.4844475,160.0015982,160.9587824,0.246409793
"United States of America","Girls",2005,15,161.6456883,161.1500974,162.138379,0.253121442
"United States of America","Girls",2005,16,162.1271513,161.598772,162.6388656,0.265238369
"United States of America","Girls",2005,17,162.2464885,161.7187602,162.7657829,0.269248697
"United States of America","Girls",2005,18,162.3418689,161.8326717,162.8481221,0.26112985
"United States of America","Girls",2005,19,162.7120264,162.1501312,163.2918749,0.288879509
"United States of America","Girls",2006,5,112.6705917,112.0737256,113.2684476,0.304127953
"United States of America","Girls",2006,6,119.4294477,118.9237244,119.9315675,0.254502495
"United States of America","Girls",2006,7,125.5284435,125.0568575,126.0009779,0.242289018
"United States of America","Girls",2006,8,131.2852435,130.8121891,131.7460058,0.240654363
"United States of America","Girls",2006,9,136.9988354,136.5334371,137.4551761,0.23723901
"United States of America","Girls",2006,10,142.9518678,142.4837815,143.4072932,0.235821537
"United States of America","Girls",2006,11,149.1618597,148.6948979,149.6275644,0.235040403
"United States of America","Girls",2006,12,154.6126495,154.1428942,155.0828364,0.238907368
"United States of America","Girls",2006,13,158.3323097,157.8588996,158.7980448,0.242247547
"United States of America","Girls",2006,14,160.5283165,160.0490877,161.01658,0.245904249
"United States of America","Girls",2006,15,161.6816179,161.1782479,162.182932,0.251991979
"United States of America","Girls",2006,16,162.1446922,161.6168624,162.6594921,0.265093546
"United States of America","Girls",2006,17,162.2494928,161.7135378,162.767886,0.27106749
"United States of America","Girls",2006,18,162.3316927,161.8227757,162.8423418,0.264428721
"United States of America","Girls",2006,19,162.6871192,162.1197404,163.2811452,0.295411815
"United States of America","Girls",2007,5,112.7736063,112.1727108,113.3652032,0.304754583
"United States of America","Girls",2007,6,119.5330848,119.0231189,120.0330219,0.255662734
"United States of America","Girls",2007,7,125.6331436,125.1540319,126.0972267,0.242430839
"United States of America","Girls",2007,8,131.3750073,130.8956107,131.8366377,0.240836025
"United States of America","Girls",2007,9,137.0729396,136.6027186,137.5310138,0.237260328
"United States of America","Girls",2007,10,143.0123249,142.549804,143.4629271,0.23558543
"United States of America","Girls",2007,11,149.2143416,148.7446436,149.671524,0.235525258
"United States of America","Girls",2007,12,154.6642323,154.1987553,155.1408883,0.239175914
"United States of America","Girls",2007,13,158.3829349,157.9077696,158.8578284,0.242980115
"United States of America","Girls",2007,14,160.5791972,160.0959064,161.057224,0.246412672
"United States of America","Girls",2007,15,161.7254869,161.227599,162.2206262,0.252760052
"United States of America","Girls",2007,16,162.1806218,161.6447472,162.6924749,0.265525195
"United States of America","Girls",2007,17,162.2670337,161.7279031,162.7929995,0.273299871
"United States of America","Girls",2007,18,162.3346969,161.8125887,162.8543346,0.2690593
"United States of America","Girls",2007,19,162.6769429,162.0933735,163.2749611,0.302794067
"United States of America","Girls",2008,5,112.8678326,112.2596922,113.463104,0.307298178
"United States of America","Girls",2008,6,119.6360994,119.117355,120.1436174,0.258248461
"United States of America","Girls",2008,7,125.7367807,125.2457651,126.2073123,0.245506434
"United States of America","Girls",2008,8,131.4797074,131.0047782,131.9422484,0.242602313
"United States of America","Girls",2008,9,137.1627034,136.6796018,137.6254583,0.238770936
"United States of America","Girls",2008,10,143.086429,142.6164674,143.5383548,0.236829702
"United States of America","Girls",2008,11,149.2747987,148.816259,149.7273215,0.236739475
"United States of America","Girls",2008,12,154.7167142,154.2444185,155.1871213,0.241065467
"United States of America","Girls",2008,13,158.4345178,157.9576788,158.9069645,0.244522419
"United States of America","Girls",2008,14,160.6298224,160.139464,161.1147703,0.248204518
"United States of America","Girls",2008,15,161.7763676,161.2665019,162.2804237,0.254421541
"United States of America","Girls",2008,16,162.2244908,161.6894299,162.7449208,0.267807903
"United States of America","Girls",2008,17,162.3029633,161.7509981,162.8277422,0.275842308
"United States of America","Girls",2008,18,162.3522379,161.8146349,162.8804478,0.273860071
"United States of America","Girls",2008,19,162.6799472,162.0761824,163.2984366,0.311341267
"United States of America","Girls",2009,5,112.9504362,112.3366516,113.5587143,0.313178617
"United States of America","Girls",2009,6,119.7303257,119.212037,120.2386228,0.263000304
"United States of America","Girls",2009,7,125.8397953,125.3418813,126.3195342,0.250233337
"United States of America","Girls",2009,8,131.5833446,131.0862361,132.05472,0.247500859
"United States of America","Girls",2009,9,137.2674035,136.7871745,137.7303762,0.242105483
"United States of America","Girls",2009,10,143.1761929,142.6969323,143.6370577,0.239681393
"United States of America","Girls",2009,11,149.3489028,148.8791292,149.8025042,0.239330835
"United States of America","Girls",2009,12,154.7771713,154.3039468,155.2465525,0.243757586
"United States of America","Girls",2009,13,158.4869997,157.9946932,158.9692728,0.247642167
"United States of America","Girls",2009,14,160.6814053,160.1761068,161.1670633,0.250819249
"United States of America","Girls",2009,15,161.8269928,161.3132039,162.334841,0.257177933
"United States of America","Girls",2009,16,162.2753716,161.7266721,162.8108389,0.270814516
"United States of America","Girls",2009,17,162.3468323,161.7887809,162.8919809,0.28006241
"United States of America","Girls",2009,18,162.3881675,161.840763,162.9217018,0.278709609
"United States of America","Girls",2009,19,162.6974881,162.0778934,163.3321221,0.319594957
"United States of America","Girls",2010,5,113.0196652,112.3924851,113.6403243,0.322018091
"United States of America","Girls",2010,6,119.8129293,119.269315,120.3418252,0.271814729
"United States of America","Girls",2010,7,125.9340216,125.418652,126.4271053,0.257304523
"United States of America","Girls",2010,8,131.6863591,131.1768031,132.174495,0.25419453
"United States of America","Girls",2010,9,137.3710407,136.8745012,137.8495783,0.248721495
"United States of America","Girls",2010,10,143.280893,142.7944945,143.7488246,0.244460975
"United States of America","Girls",2010,11,149.4386667,148.9587212,149.9061228,0.24347808
"United States of America","Girls",2010,12,154.8512755,154.3700544,155.3215596,0.247670937
"United States of America","Girls",2010,13,158.5474568,158.0519705,159.0292447,0.251686736
"United States of America","Girls",2010,14,160.7338872,160.2235607,161.2274774,0.255022072
"United States of America","Girls",2010,15,161.8785757,161.3633861,162.392995,0.260745803
"United States of America","Girls",2010,16,162.3259968,161.775723,162.8692676,0.274671634
"United States of America","Girls",2010,17,162.397713,161.8226249,162.957694,0.284838107
"United States of America","Girls",2010,18,162.4320364,161.8649971,162.9775579,0.284918451
"United States of America","Girls",2010,19,162.7334177,162.0993247,163.3816467,0.327411729
"United States of America","Girls",2011,5,113.0755777,112.4135777,113.7287693,0.33523009
"United States of America","Girls",2011,6,119.8821583,119.308843,120.4323106,0.284244519
"United States of America","Girls",2011,7,126.0166252,125.484001,126.5345165,0.268619764
"United States of America","Girls",2011,8,131.7805854,131.2582705,132.2944441,0.263329687
"United States of America","Girls",2011,9,137.4740552,136.9585565,137.9791773,0.257249348
"United States of America","Girls",2011,10,143.3845301,142.8800183,143.869676,0.252522846
"United States of America","Girls",2011,11,149.5433668,149.0497583,150.0231434,0.249549825
"United States of America","Girls",2011,12,154.9410393,154.4480594,155.4235701,0.252990663
"United States of America","Girls",2011,13,158.6215609,158.1157649,159.1114013,0.256842112
"United States of America","Girls",2011,14,160.7943443,160.2733636,161.2867222,0.260258721
"United States of America","Girls",2011,15,161.9310576,161.4013536,162.4525017,0.265924171
"United States of America","Girls",2011,16,162.3775796,161.8160331,162.925402,0.279235584
"United States of America","Girls",2011,17,162.4483382,161.8591096,163.0145414,0.290197784
"United States of America","Girls",2011,18,162.4829172,161.9025838,163.0396276,0.291623479
"United States of America","Girls",2011,19,162.7772867,162.1238112,163.4442769,0.335884385
"United States of America","Girls",2012,5,113.119167,112.4104363,113.7916058,0.354910722
"United States of America","Girls",2012,6,119.9380708,119.3490203,120.5140775,0.301780127
"United States of America","Girls",2012,7,126.0858542,125.5205641,126.6253068,0.283645567
"United States of America","Girls",2012,8,131.8631891,131.3072259,132.3998556,0.276578712
"United States of America","Girls",2012,9,137.5682815,137.0424688,138.0928603,0.26821352
"United States of America","Girls",2012,10,143.4875446,142.9704648,143.9933916,0.262593399
"United States of America","Girls",2012,11,149.6470039,149.135363,150.1448438,0.258734829
"United States of America","Girls",2012,12,155.0457394,154.5345574,155.5463002,0.260150444
"United States of America","Girls",2012,13,158.7113248,158.1948382,159.218039,0.263286365
"United States of America","Girls",2012,14,160.8684485,160.3426921,161.3720827,0.266551744
"United States of America","Girls",2012,15,161.9915147,161.4477468,162.5088729,0.272142015
"United States of America","Girls",2012,16,162.4300615,161.8671073,162.9829612,0.285369178
"United States of America","Girls",2012,17,162.4999211,161.9054739,163.0722626,0.296049916
"United States of America","Girls",2012,18,162.5335424,161.9417068,163.1149824,0.29861942
"United States of America","Girls",2012,19,162.8281674,162.1595639,163.5089658,0.344716454
"United States of America","Girls",2013,5,113.1551563,112.3889585,113.8865706,0.381643292
"United States of America","Girls",2013,6,119.9816601,119.343568,120.6039174,0.326004255
"United States of America","Girls",2013,7,126.1417667,125.5462647,126.7232209,0.303841905
"United States of America","Girls",2013,8,131.932418,131.3498935,132.5030153,0.293387607
"United States of America","Girls",2013,9,137.6508852,137.1008379,138.2007758,0.283028398
"United States of America","Girls",2013,10,143.581771,143.0360601,144.1157223,0.275038005
"United States of America","Girls",2013,11,149.7500184,149.2163334,150.2682178,0.270023227
"United States of America","Girls",2013,12,155.1493765,154.6236631,155.6707571,0.270156174
"United States of America","Girls",2013,13,158.8160249,158.2850456,159.335111,0.27147142
"United States of America","Girls",2013,14,160.9582123,160.4140817,161.4723414,0.27403043
"United States of America","Girls",2013,15,162.0656188,161.5086339,162.5955769,0.279404393
"United States of America","Girls",2013,16,162.4905186,161.9191781,163.0539739,0.292365917
"United States of America","Girls",2013,17,162.552403,161.9473828,163.1445565,0.303381687
"United States of America","Girls",2013,18,162.5851252,161.9839027,163.181908,0.305871463
"United States of America","Girls",2013,19,162.8787926,162.1873475,163.5851168,0.353368071
"United States of America","Girls",2014,5,113.1882607,112.3719848,113.9987324,0.417320421
"United States of America","Girls",2014,6,120.0176494,119.3213285,120.7217673,0.357428163
"United States of America","Girls",2014,7,126.185356,125.5396463,126.8281807,0.330305682
"United States of America","Girls",2014,8,131.9883305,131.3729978,132.5944419,0.315271722
"United States of America","Girls",2014,9,137.7201141,137.1325528,138.3104162,0.301198896
"United States of America","Girls",2014,10,143.6643746,143.1011664,144.2332038,0.291013664
"United States of America","Girls",2014,11,149.8442448,149.2872497,150.4003881,0.283642958
"United States of America","Girls",2014,12,155.2523911,154.6981312,155.805298,0.282270934
"United States of America","Girls",2014,13,158.919662,158.3612333,159.4585401,0.282270321
"United States of America","Girls",2014,14,161.0629124,160.4981159,161.6021345,0.283112719
"United States of America","Girls",2014,15,162.1553827,161.5815251,162.6951313,0.287723976
"United States of America","Girls",2014,16,162.5646228,161.9752023,163.1401796,0.300438221
"United States of America","Girls",2014,17,162.6128601,162.0062344,163.2183039,0.311249402
"United States of America","Girls",2014,18,162.6376071,162.0168913,163.2454572,0.314442991
"United States of America","Girls",2014,19,162.9303755,162.2238887,163.6451677,0.361835957
"United States of America","Girls",2015,5,113.2193808,112.3116743,114.1133339,0.462533686
"United States of America","Girls",2015,6,120.0507538,119.2734609,120.8264852,0.397867031
"United States of America","Girls",2015,7,126.2213453,125.5105752,126.938977,0.363651707
"United States of America","Girls",2015,8,132.0319198,131.3619318,132.6997998,0.342981258
"United States of America","Girls",2015,9,137.7760266,137.1399456,138.4047332,0.324439726
"United States of America","Girls",2015,10,143.7336035,143.1309182,144.3369251,0.310087455
"United States of America","Girls",2015,11,149.9268484,149.346492,150.5142055,0.300519892
"United States of America","Girls",2015,12,155.3466174,154.7663015,155.9283328,0.296610071
"United States of America","Girls",2015,13,159.0226765,158.4399064,159.5967225,0.295051726
"United States of America","Girls",2015,14,161.1665495,160.5793795,161.7344727,0.294569903
"United States of America","Girls",2015,15,162.2600828,161.6643902,162.8234633,0.29743943
"United States of America","Girls",2015,16,162.6543866,162.0489627,163.245798,0.309409345
"United States of America","Girls",2015,17,162.6869643,162.053033,163.3108932,0.320242564
"United States of America","Girls",2015,18,162.6980643,162.0692589,163.3177149,0.323111894
"United States of America","Girls",2015,19,162.9828574,162.254437,163.7257926,0.371220532
"United States of America","Girls",2016,5,113.2466278,112.2210552,114.2495559,0.517621704
"United States of America","Girls",2016,6,120.0818739,119.2051246,120.9593524,0.447557999
"United States of America","Girls",2016,7,126.2544497,125.4693757,127.0586791,0.40575337
"United States of America","Girls",2016,8,132.0679091,131.3400885,132.8101722,0.37719631
"United States of America","Girls",2016,9,137.8196159,137.1232829,138.5145648,0.353248713
"United States of America","Girls",2016,10,143.7895161,143.1336494,144.4420008,0.334211954
"United States of America","Girls",2016,11,149.9960774,149.3716605,150.6147302,0.320200933
"United States of America","Girls",2016,12,155.4292211,154.8204457,156.0488213,0.313938977
"United States of America","Girls",2016,13,159.1169029,158.506666,159.7252365,0.309841661
"United States of America","Girls",2016,14,161.2695641,160.6625267,161.8661158,0.30777567
"United States of America","Girls",2016,15,162.3637199,161.748844,162.9512529,0.309235252
"United States of America","Girls",2016,16,162.7590867,162.1341505,163.3691379,0.319470314
"United States of America","Girls",2016,17,162.7767281,162.1303087,163.4070949,0.32998714
"United States of America","Girls",2016,18,162.7721684,162.1250188,163.416499,0.332934508
"United States of America","Girls",2016,19,163.0433145,162.3005429,163.7963082,0.380039181
"United States of America","Girls",2017,5,113.2724647,112.1366923,114.4084195,0.582861591
"United States of America","Girls",2017,6,120.1091209,119.1176625,121.0928672,0.506486727
"United States of America","Girls",2017,7,126.2855698,125.3936455,127.196867,0.456672081
"United States of America","Girls",2017,8,132.1010135,131.2937718,132.935151,0.41986303
"United States of America","Girls",2017,9,137.8556052,137.1054612,138.6203651,0.388222745
"United States of America","Girls",2017,10,143.8331053,143.1227315,144.5508351,0.363736539
"United States of America","Girls",2017,11,150.0519899,149.3720643,150.720561,0.344810612
"United States of America","Girls",2017,12,155.49845,154.8510533,156.1398267,0.333785475
"United States of America","Girls",2017,13,159.1995065,158.5615886,159.8429052,0.327339316
"United States of America","Girls",2017,14,161.3637904,160.7279145,162.0010705,0.322746022
"United States of America","Girls",2017,15,162.4667344,161.8334114,163.0889115,0.322477915
"United States of America","Girls",2017,16,162.8627238,162.21378,163.5023814,0.331282743
"United States of America","Girls",2017,17,162.8814282,162.2195748,163.5356177,0.340470397
"United States of America","Girls",2017,18,162.8619323,162.1992885,163.5263853,0.343368156
"United States of America","Girls",2017,19,163.1174187,162.3646248,163.8896257,0.389972475
"United States of America","Girls",2018,5,113.298265,112.0296884,114.5784719,0.65691081
"United States of America","Girls",2018,6,120.1349578,119.0174729,121.2560103,0.574766869
"United States of America","Girls",2018,7,126.3128168,125.2980593,127.3430449,0.516390261
"United States of America","Girls",2018,8,132.1321336,131.2196574,133.0771214,0.470947972
"United States of America","Girls",2018,9,137.8887096,137.0628087,138.7448758,0.431350253
"United States of America","Girls",2018,10,143.8690946,143.0996315,144.6558311,0.399084271
"United States of America","Girls",2018,11,150.0955791,149.3590867,150.8265284,0.374662312
"United States of America","Girls",2018,12,155.5543625,154.8574481,156.2451095,0.358353175
"United States of America","Girls",2018,13,159.2687354,158.5920149,159.9447266,0.347127939
"United States of America","Girls",2018,14,161.446394,160.7748157,162.1128157,0.340129909
"United States of America","Girls",2018,15,162.5609608,161.8983488,163.2142522,0.337291898
"United States of America","Girls",2018,16,162.9657384,162.2853416,163.6421009,0.344237923
"United States of America","Girls",2018,17,162.9850653,162.2869828,163.6574491,0.352527736
"United States of America","Girls",2018,18,162.9666324,162.2722351,163.6473952,0.354349532
"United States of America","Girls",2018,19,163.2071825,162.4302404,163.9869345,0.400352494
"United States of America","Girls",2019,5,113.324139,111.8777037,114.7768574,0.738944791
"United States of America","Girls",2019,6,120.1607581,118.9090771,121.4405006,0.651574211
"United States of America","Girls",2019,7,126.3386537,125.1981759,127.5017287,0.584973479
"United States of America","Girls",2019,8,132.1593806,131.1339385,133.2135194,0.530544581
"United States of America","Girls",2019,9,137.9198297,136.9959602,138.8907325,0.482560245
"United States of America","Girls",2019,10,143.9021991,143.0518524,144.7863476,0.442331401
"United States of America","Girls",2019,11,150.1315685,149.3307067,150.9327997,0.409978912
"United States of America","Girls",2019,12,155.5979518,154.8488162,156.3475119,0.388030146
"United States of America","Girls",2019,13,159.324648,158.598777,160.0374147,0.371417298
"United States of America","Girls",2019,14,161.515623,160.8047592,162.2179938,0.359674473
"United States of America","Girls",2019,15,162.6435644,161.9551788,163.3358852,0.354223728
"United States of America","Girls",2019,16,163.0599647,162.3538122,163.7750263,0.358624251
"United States of America","Girls",2019,17,163.0880799,162.3654003,163.7953883,0.365459604
"United States of America","Girls",2019,18,163.0702695,162.3502341,163.775365,0.366967228
"United States of America","Girls",2019,19,163.3118826,162.5069857,164.1066655,0.410997385
