,fips,country,state,county,level,lat,locationId,long,population,metrics.testPositivityRatio,metrics.testPositivityRatioDetails.source,metrics.caseDensity,metrics.contactTracerCapacityRatio,metrics.infectionRate,metrics.infectionRateCI90,metrics.icuHeadroomRatio,metrics.icuHeadroomDetails,metrics.icuCapacityRatio,riskLevels.overall,riskLevels.testPositivityRatio,riskLevels.caseDensity,riskLevels.contactTracerCapacityRatio,riskLevels.infectionRate,riskLevels.icuHeadroomRatio,riskLevels.icuCapacityRatio,actuals.cases,actuals.deaths,actuals.positiveTests,actuals.negativeTests,actuals.contactTracers,actuals.hospitalBeds.capacity,actuals.hospitalBeds.currentUsageTotal,actuals.hospitalBeds.currentUsageCovid,actuals.hospitalBeds.typicalUsageRate,actuals.icuBeds.capacity,actuals.icuBeds.currentUsageTotal,actuals.icuBeds.currentUsageCovid,actuals.icuBeds.typicalUsageRate,actuals.newCases,actuals.vaccinesDistributed,actuals.vaccinationsInitiated,actuals.vaccinationsCompleted,lastUpdatedDate,url,metrics.vaccinationsInitiatedRatio,metrics.vaccinationsCompletedRatio,actuals.newDeaths,actuals.vaccinesAdministered
0,48001,US,TX,Anderson county,county,,iso1:us#iso2:us-tx#fips:48001,,57735,0.0359,other,2.5980774227071963,,0.7039968111589999,0.7582620537610002,0.09070294777777778,,0.528571429,1,1,1,4,0,0,0,5027,113,,,,226.0,38.0,1,0.45,10.0,5.0,0,0.58,0,,7046,4210,2021-04-05,https://covidactnow.org/us/texas-tx/county/anderson_county,0.12204035680263273,0.07291937299731532,0,10438
1,48003,US,TX,Andrews County,county,,iso1:us#iso2:us-tx#fips:48003,,18705,0.0208,other,0.0,,0.8307014568690001,0.869143720701,0.0,,,0,0,0,4,0,0,4,1739,47,,,,34.0,18.0,0,0.18,1.0,,0,,0,,5296,4050,2021-04-05,https://covidactnow.org/us/texas-tx/county/andrews_county,0.2831328521785619,0.2165196471531676,0,9242
2,48005,US,TX,Angelina County,county,,iso1:us#iso2:us-tx#fips:48005,,86715,0.0565,other,4.448068796797392,,0.8045525388339999,0.4818998380160001,0.17969888322252184,,1.0,1,1,1,4,0,0,3,8213,272,,,,465.0,84.0,7,0.5,18.0,18.0,5,0.5,0,,20273,11227,2021-04-05,https://covidactnow.org/us/texas-tx/county/angelina_county,0.23378884852678314,0.1294701032116704,0,30639
3,48007,US,TX,Aransas County,county,,iso1:us#iso2:us-tx#fips:48007,,23510,0.1425,other,12.760527435133984,,1.05552131451,0.8488000230599999,,,,2,2,2,4,1,4,4,1210,37,,,,,,3,,,,1,,1,,8052,4903,2021-04-05,https://covidactnow.org/us/texas-tx/county/aransas_county,0.34249255635899617,0.20854955338153974,0,12680
4,48009,US,TX,Archer County,county,,iso1:us#iso2:us-tx#fips:48009,,8553,0.025,other,5.0107731622989435,,0.862885820335,1.279601362105,,,,1,0,1,4,0,4,4,793,12,,,,,,0,,,,0,,0,,2434,1703,2021-04-05,https://covidactnow.org/us/texas-tx/county/archer_county,0.2845785104641646,0.19911142289255232,0,3980
5,48011,US,TX,Armstrong County,county,,iso1:us#iso2:us-tx#fips:48011,,1887,,other,22.71178741766977,,,,,,,2,4,2,4,4,4,4,158,6,,,,,,0,,,,0,,0,,534,356,2021-04-05,https://covidactnow.org/us/texas-tx/county/armstrong_county,0.2829888712241653,0.18865924748277693,0,872
6,48013,US,TX,Atascosa County,county,,iso1:us#iso2:us-tx#fips:48013,,51153,0.0241,other,6.1440328873324,,0.703658411041,0.6328283511289999,0.16363636412231405,,0.4166666666666667,1,0,1,4,0,0,0,5064,147,,,,67.0,13.0,3,0.21,6.0,2.0,2,0.21,0,,10187,5498,2021-04-05,https://covidactnow.org/us/texas-tx/county/atascosa_county,0.1991476550739937,0.1074814771372158,0,15183
7,48015,US,TX,Austin County,county,,iso1:us#iso2:us-tx#fips:48015,,30032,0.1005,other,19.503006317071318,,0.8144023869779999,0.6671183295420002,0.46113306982872204,,,2,2,2,4,0,0,4,2047,34,,,,32.0,3.0,0,0.07,4.0,4.0,1,,4,,10855,5173,2021-04-05,https://covidactnow.org/us/texas-tx/county/austin_county,0.3614477890250399,0.17224960042621207,0,15310
8,48017,US,TX,Bailey County,county,,iso1:us#iso2:us-tx#fips:48017,,7000,0.0222,other,4.761904761904762,,0.8659194714759999,1.240987278554,,,,1,0,1,4,0,4,4,800,19,,,,25.0,0.0,1,0.09,0.0,,0,,0,,1959,1565,2021-04-05,https://covidactnow.org/us/texas-tx/county/bailey_county,0.2798571428571429,0.2235714285714286,0,3404
9,48019,US,TX,Bandera County,county,,iso1:us#iso2:us-tx#fips:48019,,23112,0.0222,other,4.326756663205262,,0.851244191878,0.862696387972,,,,1,0,1,4,0,4,4,1291,27,,,,,,2,,,,1,,0,,5848,3058,2021-04-05,https://covidactnow.org/us/texas-tx/county/bandera_county,0.2530287296642437,0.1323122187608169,0,8537
10,48021,US,TX,Bastrop county,county,,iso1:us#iso2:us-tx#fips:48021,,88723,0.0803,other,18.355684868314057,,0.966473874549,0.4310808634610001,inf,,,2,1,2,4,1,4,4,8891,91,,,,8.0,4.0,6,0.19,0.0,,2,,0,,18330,10217,2021-04-05,https://covidactnow.org/us/texas-tx/county/bastrop_county,0.2065980636362612,0.1151561601839433,0,27878
11,48023,US,TX,Baylor County,county,,iso1:us#iso2:us-tx#fips:48023,,3509,,other,4.071163945772096,,,,,,,1,4,1,4,4,4,4,296,12,,,,27.0,4.0,1,0.19,0.0,,0,,0,,1220,880,2021-04-05,https://covidactnow.org/us/texas-tx/county/baylor_county,0.34767740096893696,0.2507836990595611,0,2081
12,48025,US,TX,Bee County,county,,iso1:us#iso2:us-tx#fips:48025,,32565,0.0313,other,0.0,,0.571686169328,0.8876656553420001,0.10429703786105182,,0.3333333333333333,0,1,0,4,0,0,0,3465,69,,,,69.0,12.0,1,0.35,9.0,3.0,0,0.27,0,,8359,6640,2021-04-05,https://covidactnow.org/us/texas-tx/county/bee_county,0.256686626746507,0.203899892522647,0,14850
13,48027,US,TX,Bell County,county,,iso1:us#iso2:us-tx#fips:48027,,362924,0.0445,other,7.557662603898178,,0.961135751952,0.29466233165800004,0.17135619734660493,,0.85,1,1,1,4,1,0,2,21629,410,,,,1191.0,45.0,4,0.64,10.0,8.0,3,0.54,0,,55970,36231,2021-04-05,https://covidactnow.org/us/texas-tx/county/bell_county,0.15421961622819105,0.09983081857358564,0,88399
14,48029,US,TX,Bexar county,county,,iso1:us#iso2:us-tx#fips:48029,,2003554,0.0275,other,18.43866306715823,,1.06461805885,0.10000000000000007,0.3249009850181482,,0.7223701731025299,2,0,2,4,1,0,1,202136,3350,,,,10395.0,3588.0,186,0.65,751.0,542.0,82,0.75,249,,524748,318527,2021-04-05,https://covidactnow.org/us/texas-tx/county/bexar_county,0.2619085884383451,0.15898099077938505,1,831547
15,48031,US,TX,Blanco County,county,,iso1:us#iso2:us-tx#fips:48031,,11931,0.0832,other,3.592083048960092,,1.01438148547,1.2195004909600002,,,,1,1,1,4,1,4,4,703,19,,,,,,1,,,,0,,0,,4094,2051,2021-04-05,https://covidactnow.org/us/texas-tx/county/blanco_county,0.3431397200569944,0.1719051211130668,0,5988
16,48033,US,TX,Borden County,county,,iso1:us#iso2:us-tx#fips:48033,,654,,other,0.0,,,,,,,0,4,0,4,4,4,4,31,2,,,,,,0,,,,0,,0,,147,103,2021-04-05,https://covidactnow.org/us/texas-tx/county/borden_county,0.22477064220183485,0.15749235474006115,0,242
17,48035,US,TX,Bosque county,county,,iso1:us#iso2:us-tx#fips:48035,,18685,0.016,other,3.822776100003823,,0.8843123655239999,0.996688845006,0.0,,,1,0,1,4,0,0,4,1637,33,,,,25.0,13.0,2,0.33,1.0,,0,,0,,4990,2582,2021-04-05,https://covidactnow.org/us/texas-tx/county/bosque_county,0.26705913834626704,0.13818571046293818,0,7282
18,48037,US,TX,Bowie County,county,,iso1:us#iso2:us-tx#fips:48037,,93245,0.0724,other,7.353898715365817,,0.822551335168,0.620621815702,0.023743569529085875,,0.7243107771929824,1,1,1,4,0,0,1,6848,207,,,,883.0,38.0,8,0.51,4.0,41.0,1,0.26,0,,14507,9666,2021-04-05,https://covidactnow.org/us/texas-tx/county/bowie_county,0.15557938763472573,0.10366239476647543,0,22832
19,48039,US,TX,Brazoria County,county,,iso1:us#iso2:us-tx#fips:48039,,374264,0.0871,other,15.916953960687795,,0.894059713821,0.177620230669,0.6149692534700699,,0.96,2,1,2,4,0,2,3,35737,454,,,,355.0,99.0,22,0.43,12.0,12.0,5,0.62,132,,98135,62048,2021-04-05,https://covidactnow.org/us/texas-tx/county/brazoria_county,0.2622079601564671,0.16578671739734518,0,155736
20,48041,US,TX,Brazos county,county,,iso1:us#iso2:us-tx#fips:48041,,229211,0.061,other,22.93582270110447,,0.929916157342,0.17892068493799984,0.2804161011509616,,0.95,2,1,2,4,1,0,3,25233,238,,,,674.0,219.0,24,0.64,30.0,28.0,8,0.55,44,,59724,31171,2021-04-05,https://covidactnow.org/us/texas-tx/county/brazos_county,0.26056341100558,0.1359926007041547,1,88009
21,48043,US,TX,Brewster County,county,,iso1:us#iso2:us-tx#fips:48043,,9203,0.0714,other,6.209155399636764,,1.0173435027600002,0.9674910436499996,,,,1,1,1,4,1,4,4,914,13,,,,25.0,11.0,1,0.35,2.0,0.0,0,0.11,2,,3921,2945,2021-04-05,https://covidactnow.org/us/texas-tx/county/brewster_county,0.4260567206345757,0.3200043464087797,0,6659
22,48045,US,TX,Briscoe County,county,,iso1:us#iso2:us-tx#fips:48045,,1546,,other,0.0,,,,,,,0,4,0,4,4,4,4,139,5,,,,,,0,,,,0,,0,,496,429,2021-04-05,https://covidactnow.org/us/texas-tx/county/briscoe_county,0.3208279430789133,0.277490297542044,0,891
23,48047,US,TX,Brooks county,county,,iso1:us#iso2:us-tx#fips:48047,,7093,0.005,other,8.056232502870031,,0.7164577111689999,1.2690648317609998,,,,1,0,1,4,0,4,4,778,36,,,,,,1,,,,0,,0,,2603,1962,2021-04-05,https://covidactnow.org/us/texas-tx/county/brooks_county,0.3669815310869872,0.2766107429860426,0,4549
24,48049,US,TX,Brown County,county,,iso1:us#iso2:us-tx#fips:48049,,37864,0.0694,other,0.0,,0.5624224077910001,0.997282007809,0.23521505368756504,,0.6612903226899063,0,1,0,4,0,0,0,4217,135,,,,188.0,32.0,2,0.39,8.0,5.0,2,0.25,0,,7729,5921,2021-04-05,https://covidactnow.org/us/texas-tx/county/brown_county,0.20412529051341646,0.15637544897527994,0,11464
25,48051,US,TX,Burleson County,county,,iso1:us#iso2:us-tx#fips:48051,,18443,0.1152,other,17.815508787693354,,0.798189821533,0.8103005399069999,0.8454106280193237,,,2,2,2,4,0,3,4,2322,40,,,,25.0,9.0,0,0.36,2.0,0.0,1,,0,,4755,3070,2021-04-05,https://covidactnow.org/us/texas-tx/county/burleson_county,0.2578213956514667,0.1664588190641436,0,7467
26,48053,US,TX,Burnet County,county,,iso1:us#iso2:us-tx#fips:48053,,48155,0.0472,other,10.086476704688726,,0.631102271462,0.661877074578,0.11595547305194805,,0.640000000056,2,1,2,4,0,0,0,4491,62,,,,71.0,37.0,4,0.41,7.0,4.0,0,0.44,0,,11714,7369,2021-04-05,https://covidactnow.org/us/texas-tx/county/burnet_county,0.2432561520091372,0.1530266846641055,0,18156
27,48055,US,TX,Caldwell county,county,,iso1:us#iso2:us-tx#fips:48055,,43664,0.0697,other,15.049992147830185,,0.7957813818,0.6290235594999999,,,,2,1,2,4,0,4,4,5397,93,,,,66.0,42.0,2,0.64,10.0,9.0,4,,0,,8935,5327,2021-04-05,https://covidactnow.org/us/texas-tx/county/caldwell_county,0.2046308171491389,0.12199981678270427,0,13459
28,48057,US,TX,Calhoun County,county,,iso1:us#iso2:us-tx#fips:48057,,21290,0.226,other,24.82721599677917,,0.910888417074,0.7247141474460004,0.1885902871287129,,0.19047619,3,3,2,4,1,0,0,1988,23,,,,25.0,11.0,1,0.4,6.0,1.0,1,0.2,0,,5498,3123,2021-04-05,https://covidactnow.org/us/texas-tx/county/calhoun_county,0.25824330671676843,0.14668858619069985,0,7943
29,48059,US,TX,Callahan County,county,,iso1:us#iso2:us-tx#fips:48059,,13943,0.2778,other,8.196637329535557,,1.2261138272799998,1.1216633660700004,,,,3,3,1,4,2,4,4,1170,38,,,,,,1,,,,0,,0,,2844,1922,2021-04-05,https://covidactnow.org/us/texas-tx/county/callahan_county,0.2039733199454924,0.13784694828946426,0,4625
30,48061,US,TX,Cameron County,county,,iso1:us#iso2:us-tx#fips:48061,,423163,0.0783,other,10.904274982183496,,0.989264710323,0.2607260825569998,0.2252886510842017,,0.7831325301204819,2,1,2,4,1,0,1,38680,1581,,,,1418.0,631.0,50,0.58,124.0,97.0,11,0.68,0,,133562,80850,2021-04-05,https://covidactnow.org/us/texas-tx/county/cameron_county,0.31562778409265463,0.1910611277451006,0,208461
31,48063,US,TX,Camp County,county,,iso1:us#iso2:us-tx#fips:48063,,13094,0.0357,other,3.273036723472037,,1.12034053566,1.0669823530899998,0.0,,,2,1,1,4,2,0,4,1206,42,,,,25.0,5.0,1,0.32,4.0,,0,,0,,2525,1400,2021-04-05,https://covidactnow.org/us/texas-tx/county/camp_county,0.1928364136245609,0.10691919963341988,0,3824
32,48065,US,TX,Carson County,county,,iso1:us#iso2:us-tx#fips:48065,,5926,0.0714,other,0.0,,,,,,,0,1,0,4,4,4,4,432,14,,,,,,0,,,,0,,0,,1280,911,2021-04-05,https://covidactnow.org/us/texas-tx/county/carson_county,0.2159973000337496,0.1537293283833952,0,2161
33,48067,US,TX,Cass County,county,,iso1:us#iso2:us-tx#fips:48067,,30026,0.0865,other,5.233559486540236,,0.967550309739,0.807362752801,inf,,,1,1,1,4,1,4,4,1855,79,,,,43.0,,2,,0.0,,1,,0,,4420,2703,2021-04-05,https://covidactnow.org/us/texas-tx/county/cass_county,0.14720575501232264,0.09002198094984347,0,6689
34,48069,US,TX,Castro county,county,,iso1:us#iso2:us-tx#fips:48069,,7530,0.041,other,13.280212483399731,,1.11522957278,0.96815450009,,,,2,1,2,4,2,4,4,929,32,,,,17.0,2.0,1,0.16,0.0,,0,,0,,1909,1267,2021-04-05,https://covidactnow.org/us/texas-tx/county/castro_county,0.2535192563081009,0.16826029216467464,0,3060
35,48071,US,TX,Chambers County,county,,iso1:us#iso2:us-tx#fips:48071,,43837,0.0841,other,12.057655144545214,,0.64286839819,0.5138133825300001,inf,,,2,1,2,4,0,4,4,4632,47,,,,39.0,9.0,1,0.09,0.0,,1,,0,,8563,4538,2021-04-05,https://covidactnow.org/us/texas-tx/county/chambers_county,0.19533727216734725,0.1035198576544928,0,12917
36,48073,US,TX,Cherokee County,county,,iso1:us#iso2:us-tx#fips:48073,,52646,0.0165,other,3.5276048648384633,,0.8174386627789999,0.973738173171,0.8454106284889962,,0.3333333333333333,1,0,1,4,0,3,0,4102,136,,,,388.0,25.0,1,0.76,6.0,2.0,1,,0,,8663,5611,2021-04-05,https://covidactnow.org/us/texas-tx/county/cherokee_county,0.1645519127758994,0.10657979713558488,1,13540
37,48075,US,TX,Childress county,county,,iso1:us#iso2:us-tx#fips:48075,,7306,0.026,other,2.2812300392371565,,0.953279649279,1.062921415211,,,,1,0,1,4,1,4,4,1336,17,,,,39.0,6.0,0,0.19,0.0,,0,,0,,1681,1237,2021-04-05,https://covidactnow.org/us/texas-tx/county/childress_county,0.2300848617574596,0.16931289351218176,0,2842
38,48077,US,TX,Clay County,county,,iso1:us#iso2:us-tx#fips:48077,,10471,0.0286,other,8.185873910255536,,1.14560756191,1.1657612256399998,,,,2,0,1,4,2,4,4,1023,16,,,,25.0,4.0,0,0.06,0.0,,0,,0,,2978,2549,2021-04-05,https://covidactnow.org/us/texas-tx/county/clay_county,0.28440454588864483,0.24343424696781585,0,5446
39,48079,US,TX,Cochran county,county,,iso1:us#iso2:us-tx#fips:48079,,2853,,other,0.0,,,,,,,0,4,0,4,4,4,4,263,15,,,,18.0,3.0,0,0.0,0.0,,0,,0,,2131,605,2021-04-05,https://covidactnow.org/us/texas-tx/county/cochran_county,0.7469330529267437,0.21205748335085875,0,2616
40,48081,US,TX,Coke county,county,,iso1:us#iso2:us-tx#fips:48081,,3387,,other,16.87123033447214,,0.7605370918350001,1.305446491895,,,,2,4,2,4,0,4,4,443,12,,,,,,0,,,,0,,0,,874,583,2021-04-05,https://covidactnow.org/us/texas-tx/county/coke_county,0.2580454679657514,0.172128727487452,0,1441
41,48083,US,TX,Coleman County,county,,iso1:us#iso2:us-tx#fips:48083,,8175,,other,3.494975972040192,,0.923839056978,1.411119093892,,,,1,4,1,4,1,4,4,737,32,,,,25.0,8.0,1,0.32,0.0,,0,,0,,1849,1097,2021-04-05,https://covidactnow.org/us/texas-tx/county/coleman_county,0.22617737003058105,0.13418960244648315,0,2845
42,48085,US,TX,Collin County,county,,iso1:us#iso2:us-tx#fips:48085,,1034730,0.0513,other,12.177089675567537,,1.0296885006999998,0.15388415304000014,0.17544826571636868,,0.8875,2,1,2,4,1,0,3,84938,797,,,,2827.0,723.0,35,0.69,160.0,142.0,17,0.58,139,,324112,189281,2021-04-05,https://covidactnow.org/us/texas-tx/county/collin_county,0.3132334038831386,0.182927913561992,0,504488
43,48087,US,TX,Collingsworth County,county,,iso1:us#iso2:us-tx#fips:48087,,2920,0.0625,other,24.46183953033268,,1.21236956523,0.8937281671600004,,,,2,1,2,4,2,4,4,290,9,,,,15.0,1.0,0,0.19,0.0,,0,,0,,721,525,2021-04-05,https://covidactnow.org/us/texas-tx/county/collingsworth_county,0.2469178082191781,0.1797945205479452,0,1181
44,48089,US,TX,Colorado County,county,,iso1:us#iso2:us-tx#fips:48089,,21493,0.1802,other,15.287369309609108,,0.901912914838,0.8342400298020002,0.5247376311844077,,,2,2,2,4,1,1,4,1659,27,,,,103.0,13.0,0,0.18,4.0,4.0,1,,5,,6210,4266,2021-04-05,https://covidactnow.org/us/texas-tx/county/colorado_county,0.28893127995161216,0.19848322709719446,0,9666
45,48091,US,TX,Comal County,county,,iso1:us#iso2:us-tx#fips:48091,,156209,0.0634,other,7.1333003494402645,,0.793467622785,0.416331886225,0.1180637544273908,,0.46875,1,1,1,4,0,0,0,9711,309,,,,340.0,95.0,5,0.55,16.0,7.0,2,0.44,0,,42821,26614,2021-04-05,https://covidactnow.org/us/texas-tx/county/comal_county,0.2741263307491886,0.1703743062179516,0,66953
46,48093,US,TX,Comanche County,county,,iso1:us#iso2:us-tx#fips:48093,,13635,0.0119,other,5.238619100005238,,0.986526962703,1.077594735307,,,,1,0,1,4,1,4,4,1522,51,,,,25.0,12.0,1,0.29,0.0,,0,,0,,3779,2945,2021-04-05,https://covidactnow.org/us/texas-tx/county/comanche_county,0.27715438210487714,0.215988265493216,0,6315
47,48095,US,TX,Concho County,county,,iso1:us#iso2:us-tx#fips:48095,,2726,0.125,other,15.721622471439051,,0.739599063052,0.973060132038,,,,2,2,2,4,0,4,4,372,8,,,,16.0,2.0,2,0.06,0.0,,0,,0,,802,538,2021-04-05,https://covidactnow.org/us/texas-tx/county/concho_county,0.2942039618488628,0.19735876742479824,0,1311
48,48097,US,TX,Cooke County,county,,iso1:us#iso2:us-tx#fips:48097,,41257,0.1582,other,6.232708562010258,,0.724655665222,0.8961491729279999,0.3205128216633794,,0.7179487181328074,2,2,1,4,0,0,1,3626,69,,,,78.0,22.0,2,0.38,5.0,4.0,1,0.49,0,,8191,5091,2021-04-05,https://covidactnow.org/us/texas-tx/county/cooke_county,0.19853600601110116,0.12339724168019972,1,13001
49,48099,US,TX,Coryell County,county,,iso1:us#iso2:us-tx#fips:48099,,75951,0.0111,other,15.2353867248997,,1.0367805129799998,0.5408320458100002,3.0434782578260866,,1.0,2,0,2,4,1,3,3,7036,84,,,,25.0,7.0,2,0.31,1.0,1.0,2,,0,,9547,6429,2021-04-05,https://covidactnow.org/us/texas-tx/county/coryell_county,0.12569946412818792,0.08464668009637792,0,15522
50,48101,US,TX,Cottle County,county,,iso1:us#iso2:us-tx#fips:48101,,1398,0.043,other,0.0,,,,,,,0,1,0,4,4,4,4,190,7,,,,,,0,,,,0,,0,,348,298,2021-04-05,https://covidactnow.org/us/texas-tx/county/cottle_county,0.24892703862660945,0.21316165951359087,0,637
51,48103,US,TX,Crane County,county,,iso1:us#iso2:us-tx#fips:48103,,4797,,other,11.912207034158255,,0.880291953857,1.2804154465130002,0.0,,,2,4,2,4,0,0,4,520,12,,,,25.0,8.0,1,0.07,2.0,,0,,0,,1171,717,2021-04-05,https://covidactnow.org/us/texas-tx/county/crane_county,0.24411090264748805,0.14946841776110067,0,1875
52,48105,US,TX,Crockett County,county,,iso1:us#iso2:us-tx#fips:48105,,3464,,other,8.248102936324646,,0.900936993973,1.3680909374169998,,,,1,4,1,4,1,4,4,574,15,,,,,,0,,,,0,,0,,936,714,2021-04-05,https://covidactnow.org/us/texas-tx/county/crockett_county,0.2702078521939954,0.20612009237875287,0,1638
53,48107,US,TX,Crosby County,county,,iso1:us#iso2:us-tx#fips:48107,,5737,0.062,other,2.4901018451654666,,,,,,,1,1,1,4,4,4,4,548,28,,,,25.0,0.0,0,0.07,0.0,,0,,0,,1695,1354,2021-04-05,https://covidactnow.org/us/texas-tx/county/crosby_county,0.2954505839288827,0.23601185288478305,0,3031
54,48109,US,TX,Culberson County,county,,iso1:us#iso2:us-tx#fips:48109,,2171,,other,23.03086135421465,,1.14021922933,1.18000634354,,,,2,4,2,4,2,4,4,357,8,,,,14.0,1.0,0,0.2,0.0,,0,,0,,700,365,2021-04-05,https://covidactnow.org/us/texas-tx/county/culberson_county,0.32243205895900506,0.16812528788576692,0,1062
55,48111,US,TX,Dallam County,county,,iso1:us#iso2:us-tx#fips:48111,,7287,0.14400000000000002,other,11.762630124095747,,,,,,,2,2,2,4,4,4,4,935,24,,,,,9.0,1,,,,0,,0,,2158,1540,2021-04-05,https://covidactnow.org/us/texas-tx/county/dallam_county,0.2961438177576506,0.21133525456292027,0,3687
56,48113,US,TX,Dallas County,county,,iso1:us#iso2:us-tx#fips:48113,,2635516,0.0401,other,11.084844756884694,,1.00775851359,0.09999999999999988,0.1614561029467786,,0.5183098591549296,2,1,2,4,1,0,0,282896,3886,,,,9374.0,861.0,43,0.66,177.0,92.0,17,0.71,294,,709273,394492,2021-04-05,https://covidactnow.org/us/texas-tx/county/dallas_county,0.26912111328483684,0.14968302222411095,1,1079372
57,48115,US,TX,Dawson County,county,,iso1:us#iso2:us-tx#fips:48115,,12728,0.16,other,5.611924216575379,,1.20148993788,1.4432413417500003,,,,2,2,1,4,2,4,4,1722,68,,,,22.0,5.0,1,0.13,9.0,7.0,3,,0,,1942,1129,2021-04-05,https://covidactnow.org/us/texas-tx/county/dawson_county,0.15257699560025142,0.08870207416719042,0,3023
58,48117,US,TX,Deaf Smith County,county,,iso1:us#iso2:us-tx#fips:48117,,18546,0.2117,other,10.783996549121103,,1.09488003964,1.0373111511699995,,,,3,3,2,4,1,4,4,2760,65,,,,42.0,3.0,1,0.12,2.0,0.0,1,,0,,3805,2637,2021-04-05,https://covidactnow.org/us/texas-tx/county/deaf_smith_county,0.205165534347029,0.14218699450016176,0,6171
59,48119,US,TX,Delta County,county,,iso1:us#iso2:us-tx#fips:48119,,5331,0.0476,other,2.679743816491144,,,,,,,1,1,1,4,4,4,4,310,11,,,,,,0,,,,0,,0,,1027,706,2021-04-05,https://covidactnow.org/us/texas-tx/county/delta_county,0.1926467829675483,0.1324329394109923,0,1690
60,48121,US,TX,Denton County,county,,iso1:us#iso2:us-tx#fips:48121,,887207,0.048,other,9.46791447768108,,0.613130774849,0.12769581418600007,0.3817733987068965,,0.5754716981132075,1,1,1,4,0,0,0,71976,730,,,,1592.0,267.0,16,0.58,53.0,30.0,9,0.63,95,,227806,153668,2021-04-05,https://covidactnow.org/us/texas-tx/county/denton_county,0.25676758636935915,0.17320422404241625,0,374590
61,48123,US,TX,DeWitt County,county,,iso1:us#iso2:us-tx#fips:48123,,20160,0.0499,other,0.0,,0.790373139637,1.189373532033,0.7033248071310366,,0.558823528200692,0,1,0,4,0,3,0,1895,58,,,,49.0,21.0,2,0.22,4.0,2.0,1,,0,,4400,2734,2021-04-05,https://covidactnow.org/us/texas-tx/county/de_witt_county,0.21825396825396826,0.13561507936507936,0,6924
62,48125,US,TX,Dickens County,county,,iso1:us#iso2:us-tx#fips:48125,,2211,,other,25.84480196420495,,,,,,,3,4,3,4,4,4,4,164,10,,,,,,0,,,,0,,0,,485,398,2021-04-05,https://covidactnow.org/us/texas-tx/county/dickens_county,0.2193577566711895,0.18000904568068749,0,862
63,48127,US,TX,Dimmit County,county,,iso1:us#iso2:us-tx#fips:48127,,10124,0.1658,other,122.7634475362646,,1.10918634416,0.40512157361,0.0,,,5,2,5,4,2,0,4,1741,30,,,,25.0,7.0,1,0.21,2.0,,0,,0,,3751,2914,2021-04-05,https://covidactnow.org/us/texas-tx/county/dimmit_county,0.370505728960885,0.2878308968787041,0,6656
64,48129,US,TX,Donley County,county,,iso1:us#iso2:us-tx#fips:48129,,3278,0.0833,other,8.716116098666435,,,,,,,1,1,1,4,4,4,4,364,15,,,,,,0,,,,0,,0,,845,417,2021-04-05,https://covidactnow.org/us/texas-tx/county/donley_county,0.2577791336180598,0.1272117144600366,0,1252
65,48131,US,TX,Duval County,county,,iso1:us#iso2:us-tx#fips:48131,,11157,0.1222,other,1.4938304801171165,,0.788470703337,0.9263368014429998,,,,2,2,1,4,0,4,4,1213,39,,,,,,1,,,,0,,0,,3828,2894,2021-04-05,https://covidactnow.org/us/texas-tx/county/duval_county,0.3431029846732992,0.2593887245675361,0,6419
66,48133,US,TX,Eastland County,county,,iso1:us#iso2:us-tx#fips:48133,,18360,0.018000000000000002,other,4.6685340802987865,,1.1305847303899998,1.0825982013100002,,,1.0,2,0,1,4,2,4,3,1327,48,,,,52.0,3.0,3,0.24,1.0,1.0,1,,0,,4414,3079,2021-04-05,https://covidactnow.org/us/texas-tx/county/eastland_county,0.2404139433551198,0.16770152505446626,0,6953
67,48135,US,TX,Ector County,county,,iso1:us#iso2:us-tx#fips:48135,,166223,0.1084,other,5.500356234009217,,0.906489414962,0.4436299770480001,0.3032272035460104,,0.7251461976095208,2,2,1,4,1,0,1,16666,355,,,,652.0,291.0,16,0.55,48.0,35.0,8,0.67,0,,37377,25391,2021-04-05,https://covidactnow.org/us/texas-tx/county/ector_county,0.22486057886092775,0.15275262749439006,0,61659
68,48137,US,TX,Edwards County,county,,iso1:us#iso2:us-tx#fips:48137,,1932,,other,0.0,,,,,,,0,4,0,4,4,4,4,214,6,,,,,,0,,,,0,,0,,485,229,2021-04-05,https://covidactnow.org/us/texas-tx/county/edwards_county,0.2510351966873706,0.11853002070393374,0,708
69,48139,US,TX,Ellis County,county,,iso1:us#iso2:us-tx#fips:48139,,184826,0.0411,other,14.247634712287953,,1.06370532528,0.35662582636999995,0.2597402587301588,,0.6111111092962963,2,1,2,4,1,0,0,22164,308,,,,189.0,91.0,6,0.49,12.0,7.0,2,0.44,0,,48885,29177,2021-04-05,https://covidactnow.org/us/texas-tx/county/ellis_county,0.2644920087000747,0.1578619891140857,0,75530
70,48141,US,TX,El Paso County,county,,iso1:us#iso2:us-tx#fips:48141,,839238,0.0828,other,18.537224073675002,,0.955898205453,0.12055026124699995,0.3906434741723449,,0.6686274509803921,2,1,2,4,1,0,0,130102,2565,,,,2719.0,981.0,102,0.62,255.0,170.0,43,0.7,76,,268381,159777,2021-04-05,https://covidactnow.org/us/texas-tx/county/el_paso_county,0.3197912868578401,0.19038341924460045,3,420543
71,48143,US,TX,Erath County,county,,iso1:us#iso2:us-tx#fips:48143,,42698,0.1182,other,14.721331879044184,,1.0604851758299998,0.7781951661200002,0.3039513680851064,,0.542857142,2,2,2,4,1,0,0,4099,67,,,,98.0,7.0,1,0.3,5.0,2.0,1,0.27,0,,9016,5643,2021-04-05,https://covidactnow.org/us/texas-tx/county/erath_county,0.2111574312614174,0.13216075694411916,0,14154
72,48145,US,TX,Falls County,county,,iso1:us#iso2:us-tx#fips:48145,,17297,0.0264,other,3.8542329112948286,,0.847741348523,0.983058668527,0.0,,,1,0,1,4,0,0,4,2034,31,,,,36.0,2.0,1,0.09,0.0,,0,,0,,3463,2195,2021-04-05,https://covidactnow.org/us/texas-tx/county/falls_county,0.20020812857720996,0.12690061860438226,0,5407
73,48147,US,TX,Fannin County,county,,iso1:us#iso2:us-tx#fips:48147,,35514,0.0159,other,10.056396270283752,,0.6162566114329999,0.8548462457569999,,,,2,0,2,4,0,4,4,3427,107,,,,317.0,15.0,1,0.49,2.0,,2,0.04,0,,7161,5390,2021-04-05,https://covidactnow.org/us/texas-tx/county/fannin_county,0.20163879033620544,0.15177113251112234,0,11971
74,48149,US,TX,Fayette County,county,,iso1:us#iso2:us-tx#fips:48149,,25346,0.1128,other,28.18139802279311,,0.780020396793,0.5774771818370001,inf,,,3,2,3,4,0,4,4,2536,57,,,,65.0,17.0,3,0.26,0.0,,1,,0,,6418,4082,2021-04-05,https://covidactnow.org/us/texas-tx/county/fayette_county,0.2532154975144007,0.1610510534206581,0,9914
75,48151,US,TX,Fisher County,county,,iso1:us#iso2:us-tx#fips:48151,,3830,0.125,other,3.729951510630361,,,,,,,2,2,1,4,4,4,4,292,14,,,,14.0,2.0,0,0.11,0.0,,0,,0,,784,583,2021-04-05,https://covidactnow.org/us/texas-tx/county/fisher_county,0.2046997389033943,0.15221932114882505,0,1314
76,48153,US,TX,Floyd County,county,,iso1:us#iso2:us-tx#fips:48153,,5712,0.0208,other,0.0,,0.975053092081,0.9995948658789996,,,,0,0,0,4,1,4,4,786,30,,,,25.0,4.0,0,0.16,0.0,,0,,0,,1635,1126,2021-04-05,https://covidactnow.org/us/texas-tx/county/floyd_county,0.2862394957983193,0.19712885154061624,0,2692
77,48155,US,TX,Foard County,county,,iso1:us#iso2:us-tx#fips:48155,,1155,,other,0.0,,,,,,,0,4,0,4,4,4,4,120,10,,,,,,0,,,,0,,0,,412,307,2021-04-05,https://covidactnow.org/us/texas-tx/county/foard_county,0.35670995670995675,0.2658008658008658,0,693
78,48157,US,TX,Fort Bend County,county,,iso1:us#iso2:us-tx#fips:48157,,811688,0.0727,other,13.464005170177984,,0.8607550842139999,0.13157992188900014,0.20032780956651272,,0.8932038834951457,2,1,2,4,0,0,3,63440,636,,,,1165.0,352.0,28,0.6,51.0,46.0,12,0.53,86,,253947,160998,2021-04-05,https://covidactnow.org/us/texas-tx/county/fort_bend_county,0.3128628241393245,0.19834961216625108,0,405440
79,48159,US,TX,Franklin County,county,,iso1:us#iso2:us-tx#fips:48159,,10725,0.0111,other,1.332001332001332,,1.02512912347,1.3918832204099998,,,,1,0,1,4,1,4,4,707,26,,,,,,1,,,,0,,0,,1925,1191,2021-04-05,https://covidactnow.org/us/texas-tx/county/franklin_county,0.1794871794871795,0.11104895104895103,0,3037
80,48161,US,TX,Freestone County,county,,iso1:us#iso2:us-tx#fips:48161,,19717,0.022,other,7.245379259377332,,0.960914034532,0.9036004783479998,inf,,,1,0,1,4,1,4,4,1812,48,,,,37.0,7.0,0,0.12,0.0,,0,,0,,3268,1910,2021-04-05,https://covidactnow.org/us/texas-tx/county/freestone_county,0.16574529593751586,0.09687072069787493,0,4822
81,48163,US,TX,Frio County,county,,iso1:us#iso2:us-tx#fips:48163,,20306,0.0161,other,4.221130981694362,,0.744688447386,0.8019839521840002,inf,,,1,0,1,4,0,4,4,2448,48,,,,24.0,8.0,0,0.22,0.0,,1,,0,,3913,2826,2021-04-05,https://covidactnow.org/us/texas-tx/county/frio_county,0.19270166453265045,0.1391706884664631,0,6228
82,48165,US,TX,Gaines County,county,,iso1:us#iso2:us-tx#fips:48165,,21492,0.028,other,1.994097471484406,,1.04490845347,1.3919524776399996,,,,1,0,1,4,1,4,4,1421,43,,,,33.0,6.0,2,0.45,94.0,93.0,33,,0,,2537,1808,2021-04-05,https://covidactnow.org/us/texas-tx/county/gaines_county,0.11804392332030525,0.08412432533035548,0,4119
83,48167,US,TX,Galveston County,county,,iso1:us#iso2:us-tx#fips:48167,,342139,0.0744,other,17.20269915360215,,0.934062979763,0.183896201127,0.3113393047126061,,0.8969849223693845,2,1,2,4,1,0,3,37358,392,,,,946.0,547.0,54,0.68,113.0,102.0,16,,97,,106204,68718,2021-04-05,https://covidactnow.org/us/texas-tx/county/galveston_county,0.31041185015446937,0.20084819327817055,0,172186
84,48169,US,TX,Garza County,county,,iso1:us#iso2:us-tx#fips:48169,,6229,0.0098,other,2.293420177510721,,1.0520231782,0.92522185801,,,,1,0,1,4,1,4,4,398,22,,,,,,0,,,,0,,0,,1081,616,2021-04-05,https://covidactnow.org/us/texas-tx/county/garza_county,0.1735431048322363,0.09889227805426233,0,1615
85,48171,US,TX,Gillespie County,county,,iso1:us#iso2:us-tx#fips:48171,,26988,0.0629,other,4.234686315611171,,0.814613668982,0.968347801358,0.1288659794265464,,0.625,1,1,1,4,0,0,0,2405,48,,,,84.0,20.0,0,0.36,4.0,2.0,0,0.24,0,,8620,5020,2021-04-05,https://covidactnow.org/us/texas-tx/county/gillespie_county,0.31940121535497257,0.18600859641322068,0,13472
86,48173,US,TX,Glasscock County,county,,iso1:us#iso2:us-tx#fips:48173,,1409,,other,10.13890297069857,,2.29637106248,1.4448478996299996,,,,3,4,2,4,3,4,4,100,2,,,,,,0,,,,0,,0,,425,327,2021-04-05,https://covidactnow.org/us/texas-tx/county/glasscock_county,0.3016323633782825,0.2320794889992903,0,744
87,48175,US,TX,Goliad County,county,,iso1:us#iso2:us-tx#fips:48175,,7658,0.0417,other,1.865462821325971,,1.0601323124600002,1.44994442766,,,,1,1,1,4,1,4,4,434,13,,,,,,1,,,,0,,0,,1770,1309,2021-04-05,https://covidactnow.org/us/texas-tx/county/goliad_county,0.23113084356228775,0.17093235831809872,0,3043
88,48177,US,TX,Gonzales County,county,,iso1:us#iso2:us-tx#fips:48177,,20837,0.1048,other,4.113561727421688,,0.706894619146,0.926831455104,1.6908212560386473,,,2,2,1,4,0,3,4,2449,56,,,,34.0,4.0,1,0.18,1.0,1.0,1,,0,,5715,3407,2021-04-05,https://covidactnow.org/us/texas-tx/county/gonzales_county,0.27427172817584106,0.16350722272879975,0,8176
89,48179,US,TX,Gray County,county,,iso1:us#iso2:us-tx#fips:48179,,21886,0.025,other,5.874596937376799,,0.7628287087219999,0.796290635268,,,0.20000000028,1,0,1,4,0,4,0,2058,54,,,,109.0,13.0,0,0.13,8.0,1.0,1,0.27,0,,4657,2834,2021-04-05,https://covidactnow.org/us/texas-tx/county/gray_county,0.21278442840171802,0.12948917115964542,0,7250
90,48181,US,TX,Grayson County,county,,iso1:us#iso2:us-tx#fips:48181,,136212,0.0361,other,4.509776776537414,,0.7778659302840001,0.5781533606659999,0.12157382828192664,,0.8269230766066732,1,1,1,4,0,0,2,11082,337,,,,717.0,384.0,7,0.57,66.0,55.0,4,0.63,0,,28415,18521,2021-04-05,https://covidactnow.org/us/texas-tx/county/grayson_county,0.2086086394737615,0.13597186738319678,0,42935
91,48183,US,TX,Gregg County,county,,iso1:us#iso2:us-tx#fips:48183,,123945,0.0282,other,3.918788863724117,,0.70111056216,0.65245897934,0.05881117410603667,,0.7999999991884058,1,0,1,4,0,0,1,10906,346,,,,841.0,25.0,6,0.5,49.0,39.0,2,0.52,0,,27952,19575,2021-04-05,https://covidactnow.org/us/texas-tx/county/gregg_county,0.2255193835975634,0.15793295413288153,0,46899
92,48185,US,TX,Grimes County,county,,iso1:us#iso2:us-tx#fips:48185,,28880,0.0396,other,19.78630787495053,,0.962314635555,0.7148510358950001,inf,,,2,1,2,4,1,4,4,3553,66,,,,25.0,9.0,0,0.32,0.0,,1,,0,,6499,3851,2021-04-05,https://covidactnow.org/us/texas-tx/county/grimes_county,0.2250346260387812,0.13334487534626038,0,9911
93,48187,US,TX,Guadalupe County,county,,iso1:us#iso2:us-tx#fips:48187,,166847,0.0435,other,11.55892181802147,,0.984425521741,0.381507774759,0.11904761939484128,,0.9322916686794706,2,1,2,4,1,0,3,12373,207,,,,161.0,60.0,5,0.32,27.0,25.0,2,0.51,0,,36700,25250,2021-04-05,https://covidactnow.org/us/texas-tx/county/guadalupe_county,0.21996200111479386,0.15133625417298482,0,57519
94,48189,US,TX,Hale County,county,,iso1:us#iso2:us-tx#fips:48189,,33406,0.0581,other,4.704030926865149,,1.19747918726,1.0427724047499998,,,0.1714285714,2,1,1,4,2,4,0,6084,153,,,,88.0,12.0,0,0.4,5.0,0.0,0,0.73,0,,7452,4344,2021-04-05,https://covidactnow.org/us/texas-tx/county/hale_county,0.22307369933544868,0.1300365203855595,0,11125
95,48191,US,TX,Hall County,county,,iso1:us#iso2:us-tx#fips:48191,,2964,0.2917,other,24.098708309234627,,1.17182372143,1.16381028538,,,,3,3,2,4,2,4,4,437,14,,,,,,0,,,,0,,0,,868,629,2021-04-05,https://covidactnow.org/us/texas-tx/county/hall_county,0.29284750337381915,0.2122132253711201,0,1467
96,48193,US,TX,Hamilton County,county,,iso1:us#iso2:us-tx#fips:48193,,8461,0.0075,other,3.3768382663312337,,0.92863379132,1.3593983038399997,,,,1,0,1,4,1,4,4,756,26,,,,42.0,9.0,0,0.2,0.0,,0,,0,,2648,1660,2021-04-05,https://covidactnow.org/us/texas-tx/county/hamilton_county,0.3129653705235788,0.1961943032738447,0,3911
97,48195,US,TX,Hansford County,county,,iso1:us#iso2:us-tx#fips:48195,,5399,,other,5.291985288280898,,0.996216093037,0.8611359579229999,,,,1,4,1,4,1,4,4,853,23,,,,14.0,2.0,1,0.17,0.0,,0,,0,,1626,1334,2021-04-05,https://covidactnow.org/us/texas-tx/county/hansford_county,0.301166882756066,0.2470827931098352,0,2603
98,48197,US,TX,Hardeman County,county,,iso1:us#iso2:us-tx#fips:48197,,3933,0.3333,other,3.6322690784933354,,2.44031711886,1.5001023899800003,,,,3,3,1,4,3,4,4,368,12,,,,45.0,2.0,1,0.06,4.0,4.0,0,,0,,1230,1093,2021-04-05,https://covidactnow.org/us/texas-tx/county/hardeman_county,0.3127383676582761,0.277904907195525,0,2158
99,48199,US,TX,Hardin County,county,,iso1:us#iso2:us-tx#fips:48199,,57602,0.0896,other,13.144384867588926,,0.6223866516219999,0.3570396917970001,0.8454106280193237,,,2,1,2,4,0,3,4,5396,108,,,,,2.0,6,,5.0,5.0,2,,0,,12283,8020,2021-04-05,https://covidactnow.org/us/texas-tx/county/hardin_county,0.2132391236415402,0.13923127669178156,0,20012
100,48201,US,TX,Harris County,county,,iso1:us#iso2:us-tx#fips:48201,,4713325,0.0749,other,13.80281284595118,,0.973092509633,0.09999999999699982,0.3253957665998837,,0.7998952331063384,2,1,2,4,1,0,1,360695,5880,,,,18060.0,5826.0,500,0.68,954.0,763.0,135,0.68,439,,1283208,687201,2021-04-05,https://covidactnow.org/us/texas-tx/county/harris_county,0.2722511178414389,0.14579962128645912,3,1920851
101,48203,US,TX,Harrison County,county,,iso1:us#iso2:us-tx#fips:48203,,66553,0.0599,other,6.43955086279249,,0.8507567915440001,0.718478462616,0.039032006245121,,,1,1,1,4,0,0,4,4696,105,,,,336.0,,4,0.55,42.0,,1,0.6,2,,11050,8147,2021-04-05,https://covidactnow.org/us/texas-tx/county/harrison_county,0.16603308641233305,0.12241371538473095,0,18016
102,48205,US,TX,Hartley County,county,,iso1:us#iso2:us-tx#fips:48205,,5576,,other,12.810002049600326,,1.1238523533,1.0596031744499999,,,,2,4,2,4,2,4,4,619,2,,,,21.0,,0,0.24,0.0,,0,,0,,1630,1079,2021-04-05,https://covidactnow.org/us/texas-tx/county/hartley_county,0.29232424677187946,0.19350789096126256,0,2700
103,48207,US,TX,Haskell County,county,,iso1:us#iso2:us-tx#fips:48207,,5658,,other,5.049739938393173,,0.954713685526,1.3700441213640002,,,,1,4,1,4,1,4,4,439,27,,,,25.0,2.0,1,0.09,0.0,,0,,0,,1639,978,2021-04-05,https://covidactnow.org/us/texas-tx/county/haskell_county,0.2896783315659244,0.1728525980911983,0,2502
104,48209,US,TX,Hays County,county,,iso1:us#iso2:us-tx#fips:48209,,230191,0.0731,other,10.239943599631859,,0.849524134707,0.3045836305730001,0.2255073912855227,,0.7491856679975384,2,1,2,4,0,0,1,19081,236,,,,388.0,169.0,13,0.47,43.0,32.0,7,0.43,0,,61518,34952,2021-04-05,https://covidactnow.org/us/texas-tx/county/hays_county,0.26724763348697383,0.151839124900626,0,92638
105,48211,US,TX,Hemphill County,county,,iso1:us#iso2:us-tx#fips:48211,,3819,,other,37.406950211349276,,1.5577646971,1.1054527522700002,,,,3,4,3,4,3,4,4,560,2,,,,26.0,4.0,1,0.08,6.0,6.0,3,,0,,1080,975,2021-04-05,https://covidactnow.org/us/texas-tx/county/hemphill_county,0.2827965435978005,0.2553024351924588,0,1844
106,48213,US,TX,Henderson County,county,,iso1:us#iso2:us-tx#fips:48213,,82737,0.0366,other,2.244634029687875,,0.6250656514399999,0.8206965531900001,,,0.6,1,1,1,4,0,4,0,5707,180,,,,127.0,48.0,2,0.39,10.0,6.0,1,0.52,0,,16092,9592,2021-04-05,https://covidactnow.org/us/texas-tx/county/henderson_county,0.19449581203089308,0.11593362099181745,0,24644
107,48215,US,TX,Hidalgo County,county,,iso1:us#iso2:us-tx#fips:48215,,868707,0.0637,other,14.142529397960748,,0.670411959121,0.09999999999999998,0.22391880864494731,,0.726027397260274,2,1,2,4,0,0,1,85141,2768,,,,3009.0,570.0,58,0.55,109.0,79.0,18,0.54,172,,267629,145891,2021-04-05,https://covidactnow.org/us/texas-tx/county/hidalgo_county,0.3080774069968355,0.16794039877657255,0,404597
108,48217,US,TX,Hill County,county,,iso1:us#iso2:us-tx#fips:48217,,36649,0.0368,other,11.369114209573706,,0.935425175869,0.7672292550209998,inf,,,2,1,2,4,1,4,4,4408,104,,,,25.0,15.0,3,0.24,0.0,,0,,0,,8600,5309,2021-04-05,https://covidactnow.org/us/texas-tx/county/hill_county,0.23465851728560125,0.1448607056127043,0,13000
109,48219,US,TX,Hockley County,county,,iso1:us#iso2:us-tx#fips:48219,,23021,0.0489,other,8.68771990791017,,0.8342161776960001,0.6922847531740001,,,,1,1,1,4,0,4,4,2432,100,,,,48.0,6.0,0,0.14,1.0,1.0,1,,0,,5362,4143,2021-04-05,https://covidactnow.org/us/texas-tx/county/hockley_county,0.2329177707310716,0.17996611789235914,0,9127
110,48221,US,TX,Hood County,county,,iso1:us#iso2:us-tx#fips:48221,,61643,0.0324,other,6.720726023809911,,0.6633766577610001,0.6643017566889999,0.21659672359778895,,0.771084334321382,1,1,1,4,0,0,1,6420,123,,,,73.0,45.0,5,0.67,11.0,9.0,2,0.32,0,,18803,11198,2021-04-05,https://covidactnow.org/us/texas-tx/county/hood_county,0.3050305793034083,0.18165890693184952,0,29488
111,48223,US,TX,Hopkins County,county,,iso1:us#iso2:us-tx#fips:48223,,37084,0.1305,other,7.319290568131039,,0.841652693845,0.7966597272750002,0.09337068191721133,,0.2352941176470588,2,2,1,4,0,0,0,3032,107,,,,96.0,25.0,3,0.49,17.0,4.0,1,0.4,0,,6793,4072,2021-04-05,https://covidactnow.org/us/texas-tx/county/hopkins_county,0.18317872937115734,0.10980476755474057,0,10624
112,48225,US,TX,Houston County,county,,iso1:us#iso2:us-tx#fips:48225,,22968,0.0069,other,5.805178218971323,,0.962526244527,1.016080405093,,,,1,0,1,4,1,4,4,1588,50,,,,,7.0,0,,,,0,,3,,4946,2992,2021-04-05,https://covidactnow.org/us/texas-tx/county/houston_county,0.2153430860327412,0.13026819923371644,0,7319
113,48227,US,TX,Howard County,county,,iso1:us#iso2:us-tx#fips:48227,,36664,0.0417,other,2.7274710888064586,,0.7507069490809999,0.9946819064090004,,,0.23076923014792897,1,1,1,4,0,4,0,4553,100,,,,346.0,21.0,0,0.7,7.0,1.0,1,0.39,1,,5510,4318,2021-04-05,https://covidactnow.org/us/texas-tx/county/howard_county,0.15028365699323587,0.1177722016146629,0,9542
114,48229,US,TX,Hudspeth County,county,,iso1:us#iso2:us-tx#fips:48229,,4886,0.0625,other,2.9238056254020237,,0.98802344952,1.21521896363,,,,1,1,1,4,1,4,4,513,11,,,,,,1,,,,0,,0,,1125,784,2021-04-05,https://covidactnow.org/us/texas-tx/county/hudspeth_county,0.2302496930004093,0.16045845272206305,0,1872
115,48231,US,TX,Hunt County,county,,iso1:us#iso2:us-tx#fips:48231,,98594,0.0446,other,0.0,,0.36162971271,0.42004721161700004,0.20576131725346744,,0.8240740746742111,0,1,0,4,0,0,2,5498,164,,,,221.0,109.0,5,0.66,15.0,12.0,2,0.58,0,,16753,11879,2021-04-05,https://covidactnow.org/us/texas-tx/county/hunt_county,0.16991906201188714,0.12048400511187292,0,27847
116,48233,US,TX,Hutchinson County,county,,iso1:us#iso2:us-tx#fips:48233,,20938,0.0516,other,3.4114323922328507,,0.800239192499,0.6213474811509999,,,,1,1,1,4,0,4,4,1653,71,,,,25.0,9.0,1,0.29,1.0,0.0,1,0.08,0,,4344,3257,2021-04-05,https://covidactnow.org/us/texas-tx/county/hutchinson_county,0.2074696723660331,0.15555449422103354,0,7492
117,48235,US,TX,Irion County,county,,iso1:us#iso2:us-tx#fips:48235,,1536,,other,0.0,,,,,,,0,4,0,4,4,4,4,123,1,,,,,,0,,,,0,,0,,442,313,2021-04-05,https://covidactnow.org/us/texas-tx/county/irion_county,0.2877604166666667,0.20377604166666666,0,750
118,48237,US,TX,Jack County,county,,iso1:us#iso2:us-tx#fips:48237,,8935,0.0238,other,0.0,,1.32620989251,1.4166520031799998,,,,0,0,0,4,2,4,4,601,16,,,,17.0,3.0,0,0.21,0.0,,0,,0,,1833,1403,2021-04-05,https://covidactnow.org/us/texas-tx/county/jack_county,0.2051482932288752,0.1570229434806939,0,3124
119,48239,US,TX,Jackson County,county,,iso1:us#iso2:us-tx#fips:48239,,14760,0.1136,other,17.421602787456447,,1.206708187,1.00221391245,inf,,,2,2,2,4,2,4,4,1662,31,,,,25.0,2.0,0,0.11,0.0,,1,,0,,3672,2321,2021-04-05,https://covidactnow.org/us/texas-tx/county/jackson_county,0.24878048780487805,0.15724932249322493,0,5862
120,48241,US,TX,Jasper County,county,,iso1:us#iso2:us-tx#fips:48241,,35529,0.0321,other,9.24797851252297,,0.8840679360700001,0.8712256497099997,,,,1,1,1,4,0,4,4,2386,87,,,,59.0,6.0,0,0.15,6.0,3.0,0,0.0,0,,7709,5695,2021-04-05,https://covidactnow.org/us/texas-tx/county/jasper_county,0.21697768020490305,0.16029159278336005,0,12983
121,48243,US,TX,Jeff Davis County,county,,iso1:us#iso2:us-tx#fips:48243,,2274,0.75,other,25.128785023244124,,,,,,,3,3,3,4,4,4,4,187,4,,,,,,0,,,,0,,0,,987,781,2021-04-05,https://covidactnow.org/us/texas-tx/county/jeff_davis_county,0.4340369393139841,0.3434476693051891,0,1752
122,48245,US,TX,Jefferson County,county,,iso1:us#iso2:us-tx#fips:48245,,251565,0.0269,other,8.29095575980079,,0.8575483848569999,0.2895112305430002,0.4952830188679246,,0.875,1,0,1,4,0,0,3,18998,398,,,,2091.0,188.0,12,0.5,40.0,35.0,7,0.68,0,,57397,28600,2021-04-05,https://covidactnow.org/us/texas-tx/county/jefferson_county,0.22815972015184946,0.11368831117206288,1,85506
123,48247,US,TX,Jim Hogg County,county,,iso1:us#iso2:us-tx#fips:48247,,5200,0.1667,other,5.494505494505495,,2.6216672195,1.4934016657300004,,,,3,2,1,4,3,4,4,607,16,,,,,,0,,,,0,,0,,2134,1522,2021-04-05,https://covidactnow.org/us/texas-tx/county/jim_hogg_county,0.4103846153846154,0.2926923076923077,0,3643
124,48249,US,TX,Jim Wells County,county,,iso1:us#iso2:us-tx#fips:48249,,40482,0.0939,other,8.116482104921413,,0.734871781525,0.8113419060150001,,,0.35,1,1,1,4,0,4,0,4117,95,,,,135.0,22.0,2,0.29,10.0,3.0,0,0.36,1,,13003,9658,2021-04-05,https://covidactnow.org/us/texas-tx/county/jim_wells_county,0.32120448594437034,0.2385751692110073,0,22281
125,48251,US,TX,Johnson County,county,,iso1:us#iso2:us-tx#fips:48251,,175817,0.0516,other,11.456717577286124,,0.920843641621,0.332415983249,0.18981880944552929,,0.7000000011052632,2,1,2,4,1,0,1,19361,360,,,,137.0,177.0,11,0.28,27.0,19.0,3,0.6,0,,35427,22511,2021-04-05,https://covidactnow.org/us/texas-tx/county/johnson_county,0.20149928618961765,0.12803653799120676,0,56905
126,48253,US,TX,Jones County,county,,iso1:us#iso2:us-tx#fips:48253,,20083,0.0278,other,0.0,,0.5841019988539999,0.8649379636360001,inf,,,0,0,0,4,0,4,4,2733,53,,,,95.0,0.0,0,0.29,0.0,,0,,0,,3107,2168,2021-04-05,https://covidactnow.org/us/texas-tx/county/jones_county,0.1547079619578748,0.10795199920330628,0,4935
127,48255,US,TX,Karnes County,county,,iso1:us#iso2:us-tx#fips:48255,,15601,0.0286,other,35.254150374975964,,1.13328187253,0.7302399574699999,,,,3,0,3,4,2,4,4,1738,36,,,,25.0,6.0,2,0.16,1.0,1.0,4,,0,,3659,2709,2021-04-05,https://covidactnow.org/us/texas-tx/county/karnes_county,0.23453624767643103,0.1736427152105634,0,5650
128,48257,US,TX,Kaufman County,county,,iso1:us#iso2:us-tx#fips:48257,,136154,0.057,other,11.22678311743635,,0.8448808443070001,0.393918862813,0.12531328315789475,,0.3571428566666666,2,1,2,4,0,0,0,15539,246,,,,379.0,9.0,1,0.8,6.0,2.0,0,0.26,0,,27911,16676,2021-04-05,https://covidactnow.org/us/texas-tx/county/kaufman_county,0.20499581356405247,0.12247895765089532,1,43293
129,48259,US,TX,Kendall County,county,,iso1:us#iso2:us-tx#fips:48259,,47431,0.0336,other,4.517840953927059,,0.661621370852,0.7025146259180002,,,,1,1,1,4,0,4,4,3132,72,,,,,,4,,,,2,,0,,14742,9186,2021-04-05,https://covidactnow.org/us/texas-tx/county/kendall_county,0.3108093862663659,0.19367080601294512,0,23320
130,48261,US,TX,Kenedy County,county,,iso1:us#iso2:us-tx#fips:48261,,404,,other,0.0,,,,,,,0,4,0,4,4,4,4,36,2,,,,,,0,,,,0,,0,,168,131,2021-04-05,https://covidactnow.org/us/texas-tx/county/kenedy_county,0.4158415841584159,0.3242574257425743,0,298
131,48263,US,TX,Kent County,county,,iso1:us#iso2:us-tx#fips:48263,,762,,other,18.747656542932134,,,,,,,2,4,2,4,4,4,4,99,2,,,,,,0,,,,0,,0,,211,161,2021-04-05,https://covidactnow.org/us/texas-tx/county/kent_county,0.2769028871391076,0.21128608923884515,0,356
132,48265,US,TX,Kerr County,county,,iso1:us#iso2:us-tx#fips:48265,,52600,0.0038,other,4.617055947854427,,0.728716066365,0.731672934695,0.13033561374059713,,0.7849462335645739,1,0,1,4,0,0,1,4203,84,,,,342.0,79.0,2,0.8,13.0,10.0,1,0.55,0,,13352,7384,2021-04-05,https://covidactnow.org/us/texas-tx/county/kerr_county,0.2538403041825095,0.14038022813688214,0,20352
133,48267,US,TX,Kimble County,county,,iso1:us#iso2:us-tx#fips:48267,,4337,0.1429,other,0.0,,1.49554613389,1.4262758168699996,0.0,,,0,2,0,4,3,0,4,261,6,,,,15.0,1.0,1,0.09,2.0,2.0,0,,0,,1329,938,2021-04-05,https://covidactnow.org/us/texas-tx/county/kimble_county,0.30643301821535623,0.21627853354853585,0,2180
134,48269,US,TX,King County,county,,iso1:us#iso2:us-tx#fips:48269,,272,,other,52.52100840336134,,,,,,,3,4,3,4,4,4,4,11,0,,,,,,0,,,,0,,0,,47,27,2021-04-05,https://covidactnow.org/us/texas-tx/county/king_county,0.1727941176470588,0.09926470588235294,0,71
135,48271,US,TX,Kinney County,county,,iso1:us#iso2:us-tx#fips:48271,,3667,,other,3.895749737036892,,1.63816053258,1.4254552884399998,,,,3,4,1,4,3,4,4,321,6,,,,,,0,,,,0,,0,,1046,419,2021-04-05,https://covidactnow.org/us/texas-tx/county/kinney_county,0.2852467957458413,0.11426233978729207,0,1450
136,48273,US,TX,Kleberg County,county,,iso1:us#iso2:us-tx#fips:48273,,30680,0.1056,other,17.22853417768672,,0.859798559513,0.6654247420170001,0.22727272799586776,,0.75,2,2,2,4,0,0,1,2537,90,,,,96.0,30.0,7,0.55,10.0,7.0,2,0.61,2,,11076,8829,2021-04-05,https://covidactnow.org/us/texas-tx/county/kleberg_county,0.3610169491525424,0.2877770534550196,0,19787
137,48275,US,TX,Knox County,county,,iso1:us#iso2:us-tx#fips:48275,,3664,,other,54.58515283842795,,,,,,,3,4,3,4,4,4,4,269,17,,,,28.0,2.0,2,0.04,9.0,7.0,2,,0,,1038,881,2021-04-05,https://covidactnow.org/us/texas-tx/county/knox_county,0.28329694323144106,0.2404475982532751,0,1817
138,48277,US,TX,Lamar County,county,,iso1:us#iso2:us-tx#fips:48277,,49859,0.0548,other,3.4382673424772143,,0.655739511393,0.911501496737,0.2775096528716216,,0.9732142875,1,1,1,4,0,0,3,5762,153,,,,469.0,109.0,4,0.25,16.0,15.0,3,0.47,0,,11620,8339,2021-04-05,https://covidactnow.org/us/texas-tx/county/lamar_county,0.2330572213642472,0.1672516496520187,0,19573
139,48279,US,TX,Lamb County,county,,iso1:us#iso2:us-tx#fips:48279,,12893,0.0238,other,13.296251565079613,,0.950879878647,0.7372708181730001,,,,2,0,2,4,1,4,4,2044,81,,,,75.0,2.0,1,0.11,24.0,24.0,12,,0,,3291,2393,2021-04-05,https://covidactnow.org/us/texas-tx/county/lamb_county,0.25525478942061586,0.1856045916388738,0,5409
140,48281,US,TX,Lampasas County,county,,iso1:us#iso2:us-tx#fips:48281,,21428,0.0422,other,11.33363556361503,,0.953341421515,0.9373621185849998,inf,,,2,1,2,4,1,4,4,2111,32,,,,25.0,15.0,1,0.31,0.0,,0,,0,,3995,2370,2021-04-05,https://covidactnow.org/us/texas-tx/county/lampasas_county,0.18643830502146724,0.11060294941198433,0,6086
141,48283,US,TX,La Salle County,county,,iso1:us#iso2:us-tx#fips:48283,,7520,0.0238,other,49.39209726443769,,1.1758481748899998,0.9805143429000004,,,,3,0,3,4,2,4,4,1048,28,,,,,,1,,,,0,,0,,2783,2141,2021-04-05,https://covidactnow.org/us/texas-tx/county/la_salle_county,0.37007978723404256,0.2847074468085106,0,4770
142,48285,US,TX,Lavaca County,county,,iso1:us#iso2:us-tx#fips:48285,,20154,0.0593,other,12.758899332284267,,0.795056396791,0.7987299736089999,1.0144927536231885,,,2,1,2,4,0,3,4,2142,75,,,,50.0,8.0,1,0.24,0.0,,1,0.06,0,,4950,3492,2021-04-05,https://covidactnow.org/us/texas-tx/county/lavaca_county,0.24560881214647215,0.17326585293242036,0,7932
143,48287,US,TX,Lee County,county,,iso1:us#iso2:us-tx#fips:48287,,17239,0.0604,other,16.435601446332928,,0.8181292504600001,0.8542585184299999,,,,2,1,2,4,0,4,4,2119,38,,,,,,1,,,,0,,0,,4040,2224,2021-04-05,https://covidactnow.org/us/texas-tx/county/lee_county,0.234352340623006,0.1290098033528627,0,6053
144,48289,US,TX,Leon County,county,,iso1:us#iso2:us-tx#fips:48289,,17404,0.086,other,9.849952391896773,,0.8573894945300001,0.9800306000799998,,,,1,1,1,4,0,4,4,1593,42,,,,,,2,,,,1,,0,,3433,2117,2021-04-05,https://covidactnow.org/us/texas-tx/county/leon_county,0.1972535049413928,0.12163870374626524,0,5254
145,48291,US,TX,Liberty County,county,,iso1:us#iso2:us-tx#fips:48291,,88219,0.0691,other,8.258667957825736,,0.713755786709,0.4852883962210001,1.5217391304347831,,,1,1,1,4,0,3,4,7436,171,,,,41.0,12.0,4,0.05,4.0,4.0,3,,6,,13133,7256,2021-04-05,https://covidactnow.org/us/texas-tx/county/liberty_county,0.1488681576531133,0.08224985547331072,0,19667
146,48293,US,TX,Limestone County,county,,iso1:us#iso2:us-tx#fips:48293,,23437,0.0223,other,8.533515381661475,,0.975224798953,0.8740010662870003,,,0.119047619,1,0,1,4,1,4,0,2691,73,,,,78.0,9.0,1,0.14,5.0,0.0,1,0.02,0,,4214,2870,2021-04-05,https://covidactnow.org/us/texas-tx/county/limestone_county,0.1798011690916073,0.12245594572684215,0,6620
147,48295,US,TX,Lipscomb County,county,,iso1:us#iso2:us-tx#fips:48295,,3233,,other,0.0,,,,,,,0,4,0,4,4,4,4,305,12,,,,,,0,,,,0,,0,,715,503,2021-04-05,https://covidactnow.org/us/texas-tx/county/lipscomb_county,0.2211568202907516,0.15558304979894835,0,1179
148,48297,US,TX,Live Oak County,county,,iso1:us#iso2:us-tx#fips:48297,,12207,0.0075,other,0.0,,1.81418228939,1.5208587912300002,,,,0,0,0,4,3,4,4,1117,21,,,,,,1,,,,0,,0,,2436,1699,2021-04-05,https://covidactnow.org/us/texas-tx/county/live_oak_county,0.19955763086753506,0.13918243630703694,0,4062
149,48299,US,TX,Llano County,county,,iso1:us#iso2:us-tx#fips:48299,,21795,0.1261,other,9.83187493855078,,0.816067428374,0.8737366072359999,inf,,,2,2,1,4,0,4,4,1607,50,,,,27.0,2.0,2,0.05,0.0,,1,,0,,5966,3807,2021-04-05,https://covidactnow.org/us/texas-tx/county/llano_county,0.2737325074558385,0.1746730901582932,0,9511
150,48301,US,TX,Loving County,county,,iso1:us#iso2:us-tx#fips:48301,,169,,other,0.0,,,,,,,0,4,0,4,4,4,4,1,0,,,,,,0,,,,0,,0,,33,14,2021-04-05,https://covidactnow.org/us/texas-tx/county/loving_county,0.1952662721893491,0.08284023668639055,0,47
151,48303,US,TX,Lubbock County,county,,iso1:us#iso2:us-tx#fips:48303,,310569,0.0217,other,3.3578919430372727,,0.831612238611,0.4545761709490001,0.09185773078075443,,0.8070987637400453,1,0,1,4,0,0,2,48610,779,,,,1650.0,889.0,32,0.6,185.0,149.0,7,0.79,0,,89931,60318,2021-04-05,https://covidactnow.org/us/texas-tx/county/lubbock_county,0.28956850168561576,0.1942177100740898,0,148483
152,48305,US,TX,Lynn County,county,,iso1:us#iso2:us-tx#fips:48305,,5951,0.0417,other,12.002784646037881,,1.51738602524,1.4256983673900003,,,,3,1,2,4,3,4,4,616,23,,,,25.0,2.0,0,0.2,4.0,4.0,0,,0,,1427,963,2021-04-05,https://covidactnow.org/us/texas-tx/county/lynn_county,0.2397916316585448,0.1618215425978827,0,2333
153,48307,US,TX,McCulloch County,county,,iso1:us#iso2:us-tx#fips:48307,,7984,,other,12.525050100200401,,1.2729327390799998,1.0818612793200004,,,,2,4,2,4,2,4,4,569,19,,,,25.0,2.0,0,0.22,0.0,,0,,1,,1744,1109,2021-04-05,https://covidactnow.org/us/texas-tx/county/mc_culloch_county,0.21843687374749501,0.13890280561122245,0,2762
154,48309,US,TX,McLennan County,county,,iso1:us#iso2:us-tx#fips:48309,,256623,0.0346,other,9.630580935569187,,0.8239530839040001,0.28122412172599986,0.1899335233520832,,0.9487179477975016,1,1,1,4,0,0,3,26164,462,,,,521.0,374.0,23,0.71,61.0,58.0,6,0.67,0,,56358,36382,2021-04-05,https://covidactnow.org/us/texas-tx/county/mc_lennan_county,0.21961398627558715,0.14177217162919925,0,87845
155,48311,US,TX,McMullen County,county,,iso1:us#iso2:us-tx#fips:48311,,743,,other,0.0,,,,,,,0,4,0,4,4,4,4,83,5,,,,,,0,,,,0,,0,,225,167,2021-04-05,https://covidactnow.org/us/texas-tx/county/mc_mullen_county,0.3028263795423957,0.22476446837146705,0,362
156,48313,US,TX,Madison County,county,,iso1:us#iso2:us-tx#fips:48313,,14284,0.0448,other,9.334453467749464,,0.8641872598549999,0.9214041637350004,,,,1,1,1,4,0,4,4,1925,28,,,,25.0,10.0,1,0.59,0.0,,0,,0,,2258,1275,2021-04-05,https://covidactnow.org/us/texas-tx/county/madison_county,0.15807896947633715,0.08926071128535425,0,3312
157,48315,US,TX,Marion County,county,,iso1:us#iso2:us-tx#fips:48315,,9854,0.0208,other,1.4497375974948532,,0.961792953496,1.3489913082940004,,,,1,0,1,4,1,4,4,526,33,,,,,,1,,,,0,,0,,1729,1290,2021-04-05,https://covidactnow.org/us/texas-tx/county/marion_county,0.17546174142480211,0.13091130505378526,0,2934
158,48317,US,TX,Martin County,county,,iso1:us#iso2:us-tx#fips:48317,,5771,,other,9.901725375646707,,0.8506206087,1.3148357733500005,0.0,,,1,4,1,4,0,0,4,618,18,,,,18.0,6.0,1,0.25,2.0,0.0,0,,0,,1275,945,2021-04-05,https://covidactnow.org/us/texas-tx/county/martin_county,0.22093224744411716,0.1637497833997574,0,2130
159,48319,US,TX,Mason County,county,,iso1:us#iso2:us-tx#fips:48319,,4274,,other,3.34246941640484,,1.20022875267,1.4687451463299999,,,,2,4,1,4,2,4,4,392,6,,,,,,0,,,,0,,0,,1403,969,2021-04-05,https://covidactnow.org/us/texas-tx/county/mason_county,0.3282639213851193,0.2267197005147403,0,2311
160,48321,US,TX,Matagorda County,county,,iso1:us#iso2:us-tx#fips:48321,,36643,0.1977,other,44.05440914460373,,1.08839272951,0.4806945950400001,1.0135135142525338,,1.0,3,2,3,4,1,3,3,3514,97,,,,75.0,40.0,14,0.28,4.0,4.0,3,0.47,25,,8089,3753,2021-04-05,https://covidactnow.org/us/texas-tx/county/matagorda_county,0.2207515760172475,0.10242065333078623,0,11542
161,48323,US,TX,Maverick County,county,,iso1:us#iso2:us-tx#fips:48323,,58722,0.0737,other,6.8117570927420745,,0.8009656222579999,0.6964434369920003,0.17482517482517482,,0.6842105263804248,1,1,1,4,0,0,0,10362,344,,,,101.0,46.0,1,0.5,8.0,5.0,1,0.69,0,,18056,7934,2021-04-05,https://covidactnow.org/us/texas-tx/county/maverick_county,0.30748271516637715,0.13511120193453902,1,24848
162,48325,US,TX,Medina County,county,,iso1:us#iso2:us-tx#fips:48325,,51584,0.0633,other,8.077440033085196,,0.7458260347779999,0.6760870112120001,0.4169148302561048,,,1,1,1,4,0,0,4,4820,103,,,,25.0,9.0,1,0.35,10.0,9.0,2,,0,,13020,8866,2021-04-05,https://covidactnow.org/us/texas-tx/county/medina_county,0.2524038461538461,0.171875,0,20339
163,48327,US,TX,Menard County,county,,iso1:us#iso2:us-tx#fips:48327,,2138,,other,0.0,,,,,,,0,4,0,4,4,4,4,207,9,,,,,,0,,,,0,,0,,773,634,2021-04-05,https://covidactnow.org/us/texas-tx/county/menard_county,0.3615528531337697,0.29653882132834425,0,1287
164,48329,US,TX,Midland County,county,,iso1:us#iso2:us-tx#fips:48329,,176832,0.0462,other,7.351610568222947,,0.7198247410359999,0.5147686336339999,0.31055900599700154,,0.6995073896551725,1,1,1,4,0,0,0,16943,265,,,,645.0,161.0,9,0.63,29.0,20.0,4,,0,,39774,25734,2021-04-05,https://covidactnow.org/us/texas-tx/county/midland_county,0.22492535287730728,0.14552795874049945,0,64675
165,48331,US,TX,Milam County,county,,iso1:us#iso2:us-tx#fips:48331,,24823,0.0338,other,13.236572073134935,,0.939646245478,0.8035664461120001,inf,,,2,1,2,4,1,4,4,2453,46,,,,35.0,,2,,0.0,,1,,0,,5780,3302,2021-04-05,https://covidactnow.org/us/texas-tx/county/milam_county,0.23284856786045202,0.13302179430366998,0,8872
166,48333,US,TX,Mills County,county,,iso1:us#iso2:us-tx#fips:48333,,4873,0.025,other,2.931605640409252,,0.827059611398,1.2657374277819995,,,,1,0,1,4,0,4,4,650,21,,,,,,0,,,,0,,0,,1352,894,2021-04-05,https://covidactnow.org/us/texas-tx/county/mills_county,0.2774471578083316,0.183459880976811,0,2184
167,48335,US,TX,Mitchell County,county,,iso1:us#iso2:us-tx#fips:48335,,8545,0.0078,other,0.0,,0.846594327386,1.272160452534,,,,0,0,0,4,0,4,4,598,30,,,,25.0,8.0,0,0.32,0.0,0.0,11,,0,,1406,773,2021-04-05,https://covidactnow.org/us/texas-tx/county/mitchell_county,0.16454066705675835,0.09046225863077824,0,2146
168,48337,US,TX,Montague County,county,,iso1:us#iso2:us-tx#fips:48337,,19818,0.0481,other,8.650144889926906,,0.951938555482,0.956633394188,,,,1,1,1,4,1,4,4,2062,70,,,,71.0,4.0,1,0.23,0.0,,0,,0,,4428,2955,2021-04-05,https://covidactnow.org/us/texas-tx/county/montague_county,0.223433242506812,0.14910687254011504,0,7166
169,48339,US,TX,Montgomery County,county,,iso1:us#iso2:us-tx#fips:48339,,607391,0.0919,other,18.180804692294,,0.97638220083,0.12039835940999988,0.24181547593277225,,0.7443609022556391,2,1,2,4,1,0,1,49605,524,,,,2097.0,416.0,48,0.55,66.0,49.0,14,0.51,128,,122711,74608,2021-04-05,https://covidactnow.org/us/texas-tx/county/montgomery_county,0.20202966458179328,0.12283356190658075,1,192742
170,48341,US,TX,Moore County,county,,iso1:us#iso2:us-tx#fips:48341,,20940,0.0357,other,2.0466639377814158,,0.8689270673720001,0.7378837075480001,,,,1,1,1,4,0,4,4,2318,71,,,,25.0,11.0,1,0.52,2.0,1.0,1,0.17,0,,6420,4770,2021-04-05,https://covidactnow.org/us/texas-tx/county/moore_county,0.30659025787965616,0.2277936962750716,0,11042
171,48343,US,TX,Morris County,county,,iso1:us#iso2:us-tx#fips:48343,,12388,0.0417,other,1.1531897227731909,,1.13002799499,1.0953269235399998,,,,2,1,1,4,2,4,4,853,33,,,,,,1,,,,0,,0,,2218,1361,2021-04-05,https://covidactnow.org/us/texas-tx/county/morris_county,0.1790442363577656,0.10986438488860187,0,3381
172,48345,US,TX,Motley County,county,,iso1:us#iso2:us-tx#fips:48345,,1200,,other,0.0,,,,,,,0,4,0,4,4,4,4,90,8,,,,,,0,,,,0,,0,,337,177,2021-04-05,https://covidactnow.org/us/texas-tx/county/motley_county,0.2808333333333333,0.1475,0,506
173,48347,US,TX,Nacogdoches County,county,,iso1:us#iso2:us-tx#fips:48347,,65204,0.0419,other,7.887333818258302,,0.679093287282,0.596599141358,0.14278575012493755,,0.5,1,1,1,4,0,0,0,4376,165,,,,392.0,51.0,3,0.3,11.0,5.0,2,0.34,1,,16606,11472,2021-04-05,https://covidactnow.org/us/texas-tx/county/nacogdoches_county,0.2546776271394393,0.17594012637261516,0,25646
174,48349,US,TX,Navarro County,county,,iso1:us#iso2:us-tx#fips:48349,,50113,0.0319,other,11.117731070637502,,1.21116837014,0.94432112574,0.17204301039139785,,0.780000000112,2,1,2,4,2,0,1,5662,150,,,,162.0,19.0,1,0.38,7.0,5.0,1,0.28,0,,13231,8823,2021-04-05,https://covidactnow.org/us/texas-tx/county/navarro_county,0.2640233073254445,0.1760620996547802,0,21804
175,48351,US,TX,Newton County,county,,iso1:us#iso2:us-tx#fips:48351,,13595,0.0333,other,2.1016129879682657,,1.11095547105,1.1201438172700002,,,,2,1,1,4,2,4,4,589,34,,,,,,1,,,,0,,0,,2114,1570,2021-04-05,https://covidactnow.org/us/texas-tx/county/newton_county,0.15549834497977194,0.1154836336888562,0,3627
176,48353,US,TX,Nolan County,county,,iso1:us#iso2:us-tx#fips:48353,,14714,,other,3.883570554768054,,1.0754486090100002,1.1752266061799999,0.1401738154068118,,0.5609756102141583,1,4,1,4,1,0,0,1524,50,,,,86.0,15.0,1,0.31,5.0,3.0,0,0.34,0,,3723,2931,2021-04-05,https://covidactnow.org/us/texas-tx/county/nolan_county,0.2530243305695256,0.1991980426804404,0,5783
177,48355,US,TX,Nueces County,county,,iso1:us#iso2:us-tx#fips:48355,,362294,0.08800000000000001,other,17.98066132556905,,1.0286395275,0.18559835038999986,0.4723268615899323,,0.8687943262411347,2,1,2,4,1,0,3,39694,751,,,,2427.0,751.0,55,0.7,141.0,122.0,16,0.86,52,,95339,71708,2021-04-05,https://covidactnow.org/us/texas-tx/county/nueces_county,0.2631536818164253,0.1979276499196785,2,164253
178,48357,US,TX,Ochiltree County,county,,iso1:us#iso2:us-tx#fips:48357,,9836,,other,5.8095625399407425,,1.0488479224,0.94504939773,,,,1,4,1,4,1,4,4,1066,26,,,,25.0,5.0,1,0.27,0.0,,0,,0,,2450,1191,2021-04-05,https://covidactnow.org/us/texas-tx/county/ochiltree_county,0.24908499389995936,0.12108580723871493,0,3464
179,48359,US,TX,Oldham County,county,,iso1:us#iso2:us-tx#fips:48359,,2112,,other,13.528138528138529,,,,,,,2,4,2,4,4,4,4,251,4,,,,,,0,,,,0,,0,,399,286,2021-04-05,https://covidactnow.org/us/texas-tx/county/oldham_county,0.18892045454545456,0.13541666666666666,0,673
180,48361,US,TX,Orange County,county,,iso1:us#iso2:us-tx#fips:48361,,83396,0.0526,other,0.0,,0.50981817232,0.273106369581,,,,0,1,0,4,0,4,4,8193,135,,,,,,8,,,,3,,0,,14416,9059,2021-04-05,https://covidactnow.org/us/texas-tx/county/orange_county,0.17286200777015684,0.10862631301261452,0,22878
181,48363,US,TX,Palo Pinto County,county,,iso1:us#iso2:us-tx#fips:48363,,29189,0.0198,other,9.299002070251516,,0.8749469826340001,0.974520186416,,,0.4772727269473141,1,0,1,4,0,4,0,2849,71,,,,74.0,24.0,1,0.31,6.0,3.0,0,0.27,0,,5822,3969,2021-04-05,https://covidactnow.org/us/texas-tx/county/palo_pinto_county,0.19945870019527906,0.13597588132515673,0,9376
182,48365,US,TX,Panola County,county,,iso1:us#iso2:us-tx#fips:48365,,23194,0.0408,other,3.695537023121743,,0.726475211001,0.996010036439,inf,,,1,1,1,4,0,4,4,1573,74,,,,42.0,7.0,0,0.13,0.0,,0,,0,,3772,2543,2021-04-05,https://covidactnow.org/us/texas-tx/county/panola_county,0.16262826593084415,0.10964042424765023,0,5740
183,48367,US,TX,Parker County,county,,iso1:us#iso2:us-tx#fips:48367,,142878,0.0439,other,8.898700789684705,,0.8531070193000001,0.4729380207799998,0.36764705733880104,,0.8,1,1,1,4,0,0,1,15311,172,,,,129.0,54.0,5,0.64,20.0,16.0,3,0.53,0,,31826,21316,2021-04-05,https://covidactnow.org/us/texas-tx/county/parker_county,0.2227494785761279,0.1491902182281387,0,51861
184,48369,US,TX,Parmer County,county,,iso1:us#iso2:us-tx#fips:48369,,9605,0.2,other,29.746411839071914,,1.04737220368,0.88901959248,,,,3,2,3,4,1,4,4,1234,35,,,,25.0,4.0,0,0.11,5.0,4.0,3,,0,,2555,1871,2021-04-05,https://covidactnow.org/us/texas-tx/county/parmer_county,0.26600728787090056,0.19479437792816245,0,4265
185,48371,US,TX,Pecos County,county,,iso1:us#iso2:us-tx#fips:48371,,15823,0.057,other,12.639828098337862,,0.851471259347,0.881456109313,,,,2,1,2,4,0,4,4,1575,34,,,,39.0,6.0,2,0.19,17.0,16.0,3,,0,,4865,3827,2021-04-05,https://covidactnow.org/us/texas-tx/county/pecos_county,0.3074638184920685,0.24186311066169494,0,8529
186,48373,US,TX,Polk County,county,,iso1:us#iso2:us-tx#fips:48373,,51353,0.0424,other,2.7818655746917,,0.727368698804,0.7069878238159999,0.2573529410250865,,1.0,1,1,1,4,0,0,3,3080,107,,,,66.0,17.0,3,0.36,5.0,5.0,2,0.41,0,,9716,6583,2021-04-05,https://covidactnow.org/us/texas-tx/county/polk_county,0.1892002414659319,0.1281911475473682,0,15825
187,48375,US,TX,Potter County,county,,iso1:us#iso2:us-tx#fips:48375,,117415,0.0578,other,8.760136512127314,,0.90512125833,0.5947072640100002,0.19281950952783106,,0.7083333333333334,1,1,1,4,1,0,1,17200,433,,,,1152.0,292.0,15,0.59,48.0,34.0,10,0.7,0,,27156,18386,2021-04-05,https://covidactnow.org/us/texas-tx/county/potter_county,0.2312822041476813,0.1565898735255291,0,44989
188,48377,US,TX,Presidio County,county,,iso1:us#iso2:us-tx#fips:48377,,6704,,other,12.785543811796794,,1.1050340136,1.1345562562900002,,,,2,4,2,4,2,4,4,808,24,,,,,,0,,,,0,,1,,4085,2342,2021-04-05,https://covidactnow.org/us/texas-tx/county/presidio_county,0.6093377088305489,0.3493436754176611,0,6385
189,48379,US,TX,Rains County,county,,iso1:us#iso2:us-tx#fips:48379,,12514,0.0556,other,1.1415785748533072,,0.905257185597,1.241195136823,,,,1,1,1,4,1,4,4,783,25,,,,,,1,,,,0,,0,,2150,1365,2021-04-05,https://covidactnow.org/us/texas-tx/county/rains_county,0.17180757551542272,0.1090778328272335,0,3449
190,48381,US,TX,Randall County,county,,iso1:us#iso2:us-tx#fips:48381,,137713,0.0375,other,7.780155623859558,,0.947462588364,0.5751414516960001,inf,,,1,1,1,4,1,4,4,16504,287,,,,4.0,,6,,0.0,,3,,0,,37482,28520,2021-04-05,https://covidactnow.org/us/texas-tx/county/randall_county,0.2721747402206037,0.20709736916630966,0,64568
191,48383,US,TX,Reagan County,county,,iso1:us#iso2:us-tx#fips:48383,,3849,,other,7.423078350591989,,0.845561978257,1.2662074596030002,,,,1,4,1,4,0,4,4,377,8,,,,7.0,16.0,0,0.07,0.0,,0,,0,,872,674,2021-04-05,https://covidactnow.org/us/texas-tx/county/reagan_county,0.2265523512600676,0.17511041829046506,0,1375
192,48385,US,TX,Real County,county,,iso1:us#iso2:us-tx#fips:48385,,3452,0.1667,other,8.276775368316503,,,,,,,2,2,1,4,4,4,4,296,12,,,,,,0,,,,0,,0,,1163,869,2021-04-05,https://covidactnow.org/us/texas-tx/county/real_county,0.3369061413673233,0.2517381228273465,0,2027
193,48387,US,TX,Red River County,county,,iso1:us#iso2:us-tx#fips:48387,,12023,0.0159,other,1.1881988094247928,,0.8770686253219999,1.262596101028,,,,1,0,1,4,0,4,4,669,36,,,,,,1,,,,0,,0,,2785,1878,2021-04-05,https://covidactnow.org/us/texas-tx/county/red_river_county,0.2316393578973634,0.15620061548698327,0,4403
194,48389,US,TX,Reeves County,county,,iso1:us#iso2:us-tx#fips:48389,,15976,0.0303,other,3.5767937620716785,,0.895349509686,1.2066426858340005,0.0,,,1,1,1,4,0,0,4,1705,41,,,,25.0,6.0,1,0.34,2.0,,0,,0,,4367,3678,2021-04-05,https://covidactnow.org/us/texas-tx/county/reeves_county,0.2733475212819229,0.2302203304957436,0,7994
195,48391,US,TX,Refugio County,county,,iso1:us#iso2:us-tx#fips:48391,,6948,0.0278,other,2.056090138991693,,1.1192289895999998,1.4376739443800002,0.0,,,2,0,1,4,2,0,4,635,20,,,,20.0,1.0,4,0.08,1.0,,0,,0,,2240,1122,2021-04-05,https://covidactnow.org/us/texas-tx/county/refugio_county,0.3223949337938975,0.1614853195164076,0,3318
196,48393,US,TX,Roberts County,county,,iso1:us#iso2:us-tx#fips:48393,,854,,other,0.0,,,,,,,0,4,0,4,4,4,4,59,1,,,,,,0,,,,0,,0,,166,141,2021-04-05,https://covidactnow.org/us/texas-tx/county/roberts_county,0.19437939110070254,0.16510538641686182,0,300
197,48395,US,TX,Robertson County,county,,iso1:us#iso2:us-tx#fips:48395,,17074,0.0197,other,6.693552435616393,,0.882452736269,0.9784415028109998,,,,1,0,1,4,0,4,4,2061,39,,,,,,2,,,,1,,0,,3718,2447,2021-04-05,https://covidactnow.org/us/texas-tx/county/robertson_county,0.2177579946116903,0.14331732458709148,0,5804
198,48397,US,TX,Rockwall County,county,,iso1:us#iso2:us-tx#fips:48397,,104915,0.0419,other,14.978111532465055,,0.932720219479,0.4040124676410001,0.5562687211663901,,0.853658536168947,2,1,2,4,1,1,3,11145,150,,,,245.0,48.0,8,0.65,5.0,5.0,1,0.64,0,,28148,17403,2021-04-05,https://covidactnow.org/us/texas-tx/county/rockwall_county,0.2682933803555259,0.1658771386360387,0,44125
199,48399,US,TX,Runnels County,county,,iso1:us#iso2:us-tx#fips:48399,,10264,0.0095,other,8.350963144415987,,1.06253878894,1.32364924613,0.0,,,1,0,1,4,1,0,4,1269,37,,,,50.0,8.0,0,0.15,1.0,,0,,0,,2638,2015,2021-04-05,https://covidactnow.org/us/texas-tx/county/runnels_county,0.2570148090413094,0.19631722525331252,0,4457
200,48401,US,TX,Rusk County,county,,iso1:us#iso2:us-tx#fips:48401,,54406,0.0851,other,7.877282442587741,,0.819490812129,0.8098922243010002,inf,,,1,1,1,4,0,4,4,3878,105,,,,96.0,12.0,0,0.3,0.0,,1,,4,,8604,5605,2021-04-05,https://covidactnow.org/us/texas-tx/county/rusk_county,0.15814432231739148,0.10302172554497666,0,13411
201,48403,US,TX,Sabine County,county,,iso1:us#iso2:us-tx#fips:48403,,10542,0.08,other,2.7102474455917824,,0.89986563969,1.2428872722800002,0.46113306982872204,,,1,1,1,4,0,0,4,509,43,,,,25.0,3.0,1,0.14,4.0,4.0,1,,0,,2620,1849,2021-04-05,https://covidactnow.org/us/texas-tx/county/sabine_county,0.24852969076076645,0.1753936634414722,0,4293
202,48405,US,TX,San Augustine County,county,,iso1:us#iso2:us-tx#fips:48405,,8237,0.2917,other,5.203003867566208,,,,,,,3,3,1,4,4,4,4,553,32,,,,18.0,1.0,1,0.19,1.0,1.0,0,,0,,2149,1274,2021-04-05,https://covidactnow.org/us/texas-tx/county/san_augustine_county,0.2608959572659949,0.15466796163651814,0,3358
203,48407,US,TX,San Jacinto County,county,,iso1:us#iso2:us-tx#fips:48407,,28859,0.0796,other,9.90035294758258,,0.6617866871379999,0.7464017097419999,,,,1,1,1,4,0,4,4,1166,34,,,,,,2,,,,2,,1,,4846,3210,2021-04-05,https://covidactnow.org/us/texas-tx/county/san_jacinto_county,0.16791988634394814,0.1112304653660903,0,7598
204,48409,US,TX,San Patricio County,county,,iso1:us#iso2:us-tx#fips:48409,,66730,0.124,other,17.768833893515446,,1.13293009885,0.73035036155,inf,,,2,2,2,4,2,4,4,4235,146,,,,75.0,,8,,0.0,,2,,0,,17039,11265,2021-04-05,https://covidactnow.org/us/texas-tx/county/san_patricio_county,0.2553424246965383,0.16881462610520007,0,27427
205,48411,US,TX,San Saba County,county,,iso1:us#iso2:us-tx#fips:48411,,6055,0.0767,other,5.5050922102945234,,1.03945134207,1.2492942949700003,,,,1,1,1,4,1,4,4,797,23,,,,,,0,,,,0,,0,,970,482,2021-04-05,https://covidactnow.org/us/texas-tx/county/san_saba_county,0.1601981833195706,0.0796036333608588,0,1423
206,48413,US,TX,Schleicher County,county,,iso1:us#iso2:us-tx#fips:48413,,2793,,other,0.0,,,,,,,0,4,0,4,4,4,4,233,6,,,,14.0,1.0,1,,0.0,,0,,0,,738,546,2021-04-05,https://covidactnow.org/us/texas-tx/county/schleicher_county,0.26423200859291085,0.19548872180451127,0,1251
207,48415,US,TX,Scurry County,county,,iso1:us#iso2:us-tx#fips:48415,,16703,0.0448,other,13.684453605425885,,1.11654271201,0.81081748486,,,,2,1,2,4,2,4,4,2384,62,,,,25.0,10.0,1,0.29,0.0,,0,,1,,3457,2473,2021-04-05,https://covidactnow.org/us/texas-tx/county/scurry_county,0.20696880799856315,0.14805723522720468,0,5824
208,48417,US,TX,Shackelford County,county,,iso1:us#iso2:us-tx#fips:48417,,3265,,other,0.0,,,,,,,0,4,0,4,4,4,4,255,5,,,,,,0,,,,0,,0,,819,498,2021-04-05,https://covidactnow.org/us/texas-tx/county/shackelford_county,0.2508422664624809,0.15252679938744254,0,1284
209,48419,US,TX,Shelby County,county,,iso1:us#iso2:us-tx#fips:48419,,25274,0.0132,other,11.30467222102895,,0.970029659667,0.8881855505230002,,,,2,0,2,4,1,4,4,1608,66,,,,,,2,,,,1,,1,,3973,2813,2021-04-05,https://covidactnow.org/us/texas-tx/county/shelby_county,0.1571971195695181,0.11130015035214054,0,6470
210,48421,US,TX,Sherman County,county,,iso1:us#iso2:us-tx#fips:48421,,3022,,other,0.0,,,,,,,0,4,0,4,4,4,4,210,12,,,,,,0,,,,0,,0,,715,496,2021-04-05,https://covidactnow.org/us/texas-tx/county/sherman_county,0.2365982792852416,0.16412971542025148,0,1203
211,48423,US,TX,Smith County,county,,iso1:us#iso2:us-tx#fips:48423,,232751,0.0382,other,7.30394284020262,,0.773096585236,0.3474013860840001,0.1167795220515525,,0.4116541353383459,1,1,1,4,0,0,0,19573,448,,,,1363.0,708.0,35,0.73,266.0,109.0,7,0.44,0,,54060,31845,2021-04-05,https://covidactnow.org/us/texas-tx/county/smith_county,0.2322653823184433,0.1368200351448544,1,84867
212,48425,US,TX,Somervell County,county,,iso1:us#iso2:us-tx#fips:48425,,9128,0.0833,other,6.260172780768748,,0.970067807549,1.3840562200509998,,,,1,1,1,4,1,4,4,1056,14,,,,16.0,3.0,1,0.14,0.0,0.0,0,,0,,2433,1631,2021-04-05,https://covidactnow.org/us/texas-tx/county/somervell_county,0.2665425065731814,0.17868098159509202,0,3851
213,48427,US,TX,Starr County,county,,iso1:us#iso2:us-tx#fips:48427,,64633,0.0884,other,7.514958082005875,,0.657764883813,0.396152205407,0.3623188405797102,,1.0,1,1,1,4,0,0,3,9307,290,,,,48.0,20.0,1,0.19,6.0,6.0,1,,0,,25960,17089,2021-04-05,https://covidactnow.org/us/texas-tx/county/starr_county,0.40165240666532576,0.2644005384246438,1,39856
214,48429,US,TX,Stephens County,county,,iso1:us#iso2:us-tx#fips:48429,,9366,0.0556,other,6.101095146578811,,0.88561827479,1.00255598115,,,,1,1,1,4,0,4,4,770,25,,,,40.0,2.0,0,0.2,0.0,,0,,0,,1863,1224,2021-04-05,https://covidactnow.org/us/texas-tx/county/stephens_county,0.19891095451633567,0.13068545803971812,0,2814
215,48431,US,TX,Sterling County,county,,iso1:us#iso2:us-tx#fips:48431,,1291,,other,0.0,,,,,,,0,4,0,4,4,4,4,107,4,,,,,,0,,,,0,,0,,317,195,2021-04-05,https://covidactnow.org/us/texas-tx/county/sterling_county,0.2455460883036405,0.15104570100697134,0,511
216,48433,US,TX,Stonewall County,county,,iso1:us#iso2:us-tx#fips:48433,,1350,,other,0.0,,,,,,,0,4,0,4,4,4,4,156,6,,,,20.0,1.0,2,0.14,0.0,,0,,0,,371,309,2021-04-05,https://covidactnow.org/us/texas-tx/county/stonewall_county,0.2748148148148148,0.2288888888888889,0,653
217,48435,US,TX,Sutton County,county,,iso1:us#iso2:us-tx#fips:48435,,3776,,other,7.566585956416464,,0.8429291792110001,1.2984187403390002,,,,1,4,1,4,0,4,4,478,8,,,,12.0,2.0,2,0.1,11.0,10.0,0,,1,,1102,494,2021-04-05,https://covidactnow.org/us/texas-tx/county/sutton_county,0.2918432203389831,0.1308262711864407,0,1585
218,48437,US,TX,Swisher County,county,,iso1:us#iso2:us-tx#fips:48437,,7397,0.0303,other,13.518994186832499,,1.1020013726200002,0.8907052265899995,,,,2,1,2,4,2,4,4,793,17,,,,20.0,6.0,0,0.21,0.0,,0,,0,,1683,1301,2021-04-05,https://covidactnow.org/us/texas-tx/county/swisher_county,0.22752467216439096,0.17588211437069082,0,2698
219,48439,US,TX,Tarrant County,county,,iso1:us#iso2:us-tx#fips:48439,,2102515,0.055,other,8.731040138663866,,0.872110842302,0.09999999999999998,0.1581650374492289,,0.7649006622516556,1,1,1,4,0,0,1,250981,3300,,,,7101.0,768.0,31,0.68,151.0,115.0,9,0.65,237,,479636,313264,2021-04-05,https://covidactnow.org/us/texas-tx/county/tarrant_county,0.2281248885263601,0.14899489421002945,0,779919
220,48441,US,TX,Taylor County,county,,iso1:us#iso2:us-tx#fips:48441,,138034,0.0479,other,3.4153076157220066,,0.660499117159,0.6965898495109999,0.2790834312365024,,0.8581081081560445,1,1,1,4,0,0,3,15499,395,,,,946.0,389.0,10,0.52,42.0,36.0,5,,0,,36622,23915,2021-04-05,https://covidactnow.org/us/texas-tx/county/taylor_county,0.2653114450063028,0.17325441557877044,0,59550
221,48443,US,TX,Terrell County,county,,iso1:us#iso2:us-tx#fips:48443,,776,,other,18.40942562592047,,,,,,,2,4,2,4,4,4,4,75,2,,,,,,0,,,,0,,0,,343,254,2021-04-05,https://covidactnow.org/us/texas-tx/county/terrell_county,0.4420103092783505,0.32731958762886604,0,586
222,48445,US,TX,Terry County,county,,iso1:us#iso2:us-tx#fips:48445,,12337,0.025,other,0.0,,0.954893186131,1.3197718213689995,,,,0,0,0,4,1,4,4,1686,55,,,,45.0,5.0,0,0.18,0.0,,0,,0,,3363,2500,2021-04-05,https://covidactnow.org/us/texas-tx/county/terry_county,0.2725946340277215,0.20264245764772634,0,5574
223,48447,US,TX,Throckmorton County,county,,iso1:us#iso2:us-tx#fips:48447,,1501,,other,0.0,,,,,,,0,4,0,4,4,4,4,73,5,,,,14.0,0.0,1,0.07,0.0,,0,,0,,505,415,2021-04-05,https://covidactnow.org/us/texas-tx/county/throckmorton_county,0.33644237175216524,0.2764823451032645,0,912
224,48449,US,TX,Titus County,county,,iso1:us#iso2:us-tx#fips:48449,,32750,0.0227,other,2.1810250817884405,,0.830120970601,0.994865815619,0.13742556110817802,,0.3728813555300201,1,0,1,4,0,0,0,3662,84,,,,174.0,42.0,1,0.62,8.0,3.0,0,0.47,1,,4920,3042,2021-04-05,https://covidactnow.org/us/texas-tx/county/titus_county,0.1502290076335878,0.0928854961832061,0,7688
225,48451,US,TX,Tom Green County,county,,iso1:us#iso2:us-tx#fips:48451,,119200,0.0218,other,4.674017257909876,,0.73539467434,0.6291449275500001,0.06820765464190982,,0.5344827586206896,1,0,1,4,0,0,0,16604,267,,,,692.0,207.0,2,0.48,29.0,15.0,1,0.56,0,,32640,22947,2021-04-05,https://covidactnow.org/us/texas-tx/county/tom_green_county,0.2738255033557047,0.19250838926174496,0,55169
226,48453,US,TX,Travis County,county,,iso1:us#iso2:us-tx#fips:48453,,1273954,0.0448,other,6.571217305670825,,0.92683294777,0.16105736314999985,0.263552902435088,,0.9154411764705882,1,1,1,4,1,0,3,79493,957,,,,3904.0,1131.0,51,0.73,136.0,124.0,20,0.67,0,,380134,203859,2021-04-05,https://covidactnow.org/us/texas-tx/county/travis_county,0.2983891098108723,0.1600206914849359,0,568318
227,48455,US,TX,Trinity County,county,,iso1:us#iso2:us-tx#fips:48455,,14651,0.036000000000000004,other,3.900270093703989,,0.8258911276700001,1.0526863101100001,,,,1,1,1,4,0,4,4,713,23,,,,45.0,,1,,0.0,,0,,0,,3052,2203,2021-04-05,https://covidactnow.org/us/texas-tx/county/trinity_county,0.20831342570473005,0.15036516278752304,0,5070
228,48457,US,TX,Tyler County,county,,iso1:us#iso2:us-tx#fips:48457,,21672,0.0185,other,11.865211200759376,,0.84641911444,0.8893187193199998,0.5072463768115943,,,2,0,2,4,0,1,4,1265,37,,,,49.0,4.0,0,0.09,4.0,3.0,1,,0,,3926,2877,2021-04-05,https://covidactnow.org/us/texas-tx/county/tyler_county,0.18115540789959395,0.13275193798449614,0,6700
229,48459,US,TX,Upshur County,county,,iso1:us#iso2:us-tx#fips:48459,,41753,0.0455,other,5.132223176435568,,0.978974575243,0.9042091772070002,,,,1,1,1,4,1,4,4,3209,70,,,,,,3,,,,1,,0,,6565,4832,2021-04-05,https://covidactnow.org/us/texas-tx/county/upshur_county,0.1572342107153977,0.11572821114650444,0,10993
230,48461,US,TX,Upton County,county,,iso1:us#iso2:us-tx#fips:48461,,3657,,other,0.0,,0.877297255713,1.300186318257,0.0,,,0,4,0,4,0,0,4,381,9,,,,29.0,32.0,1,0.1,8.0,6.0,0,,0,,1035,874,2021-04-05,https://covidactnow.org/us/texas-tx/county/upton_county,0.2830188679245283,0.2389937106918239,0,1903
231,48463,US,TX,Uvalde County,county,,iso1:us#iso2:us-tx#fips:48463,,26741,0.056,other,12.287178062579134,,1.08905161272,0.7378446190200001,0.27450980364705885,,0.375,2,1,2,4,1,0,0,3532,70,,,,25.0,15.0,1,0.66,8.0,3.0,1,0.36,5,,8736,6008,2021-04-05,https://covidactnow.org/us/texas-tx/county/uvalde_county,0.32668935342732136,0.2246737219999252,0,14520
232,48465,US,TX,Val Verde County,county,,iso1:us#iso2:us-tx#fips:48465,,49025,0.0143,other,6.119326874043856,,0.789363634867,0.8946715777230001,,,,1,0,1,4,0,4,4,7797,213,,,,93.0,15.0,3,0.45,8.0,1.0,1,0.77,0,,12724,6649,2021-04-05,https://covidactnow.org/us/texas-tx/county/val_verde_county,0.2595410504844467,0.13562468128505864,0,18824
233,48467,US,TX,Van Zandt County,county,,iso1:us#iso2:us-tx#fips:48467,,56590,0.0958,other,6.815944260722492,,0.7595405703010001,0.7345526620589999,inf,,,1,1,1,4,0,4,4,4126,114,,,,52.0,,4,,0.0,,1,,0,,10486,6597,2021-04-05,https://covidactnow.org/us/texas-tx/county/van_zandt_county,0.1852977557872416,0.11657536667255697,0,16343
234,48469,US,TX,Victoria County,county,,iso1:us#iso2:us-tx#fips:48469,,92084,0.1153,other,13.186717717363651,,1.04352698562,0.6077616170800001,0.2776713903411069,,0.4791666666666667,2,2,2,4,1,0,0,8170,197,,,,726.0,55.0,9,0.42,24.0,11.0,3,0.65,0,,20061,12841,2021-04-05,https://covidactnow.org/us/texas-tx/county/victoria_county,0.2178554363407324,0.1394487641718431,0,32284
235,48471,US,TX,Walker County,county,,iso1:us#iso2:us-tx#fips:48471,,72971,0.0633,other,26.03774102040537,,1.18544816047,0.40001780624,0.4934210510493614,,0.8815789437569252,3,1,3,4,2,0,3,8619,123,,,,123.0,61.0,13,0.61,10.0,9.0,3,0.49,6,,13335,7562,2021-04-05,https://covidactnow.org/us/texas-tx/county/walker_county,0.18274382974058187,0.10363020926121336,0,19760
236,48473,US,TX,Waller County,county,,iso1:us#iso2:us-tx#fips:48473,,55246,0.0603,other,12.41201690102968,,0.685019215945,0.4817533715050001,,,,2,1,2,4,0,4,4,3881,45,,,,,,9,,,,2,,1,,8763,5407,2021-04-05,https://covidactnow.org/us/texas-tx/county/waller_county,0.15861781848459616,0.0978713391014734,0,13576
237,48475,US,TX,Ward County,county,,iso1:us#iso2:us-tx#fips:48475,,11998,0.125,other,3.5720239087466954,,0.943562737559,1.0848020521709998,,,,2,2,1,4,1,4,4,1159,23,,,,25.0,25.0,0,0.27,0.0,,0,,0,,3177,2626,2021-04-05,https://covidactnow.org/us/texas-tx/county/ward_county,0.26479413235539256,0.21886981163527253,0,5660
238,48477,US,TX,Washington County,county,,iso1:us#iso2:us-tx#fips:48477,,35882,0.0604,other,19.90651898683781,,0.8125094706910001,0.6677124208889997,0.1941747572815534,,,2,1,2,4,0,0,4,3860,89,,,,60.0,13.0,3,0.22,5.0,,1,0.18,0,,8404,6273,2021-04-05,https://covidactnow.org/us/texas-tx/county/washington_county,0.2342121397915389,0.174823031046207,0,14393
239,48479,US,TX,Webb County,county,,iso1:us#iso2:us-tx#fips:48479,,276652,0.0419,other,7.280936751896657,,1.1386298276,0.3644957656400001,0.2028489002392165,,0.4642857142857143,2,1,1,4,2,0,0,43244,820,,,,569.0,20.0,10,0.68,14.0,6.0,6,0.74,0,,97866,55577,2021-04-05,https://covidactnow.org/us/texas-tx/county/webb_county,0.3537512832005552,0.2008913725546896,0,148052
240,48481,US,TX,Wharton County,county,,iso1:us#iso2:us-tx#fips:48481,,41556,0.1059,other,10.313105894971331,,0.7422809731929999,0.714861600817,,,0.3076923072781065,2,2,2,4,0,4,0,3939,112,,,,49.0,10.0,0,0.28,3.0,1.0,1,0.07,3,,8941,4940,2021-04-05,https://covidactnow.org/us/texas-tx/county/wharton_county,0.21515545288285687,0.11887573394936952,0,12792
241,48483,US,TX,Wheeler County,county,,iso1:us#iso2:us-tx#fips:48483,,5056,,other,6.5928270042194095,,1.12993095778,1.0012024465699998,,,,2,4,1,4,2,4,4,488,10,,,,41.0,4.0,0,0.07,49.0,48.0,38,,0,,1223,1035,2021-04-05,https://covidactnow.org/us/texas-tx/county/wheeler_county,0.2418908227848101,0.20470727848101267,0,2098
242,48485,US,TX,Wichita County,county,,iso1:us#iso2:us-tx#fips:48485,,132230,0.0111,other,3.4571795896759974,,0.696120672152,0.597532095948,0.16233766233766234,,0.6682027645161289,1,0,1,4,0,0,0,14840,369,,,,840.0,235.0,7,0.7,31.0,20.0,3,0.65,0,,31334,22009,2021-04-05,https://covidactnow.org/us/texas-tx/county/wichita_county,0.23696589276261054,0.16644483097632912,0,50935
243,48487,US,TX,Wilbarger County,county,,iso1:us#iso2:us-tx#fips:48487,,12769,0.0446,other,8.950247809986239,,1.05275470909,1.2325650453,,,0.285714285,1,1,1,4,1,4,0,1891,55,,,,687.0,10.0,0,0.19,4.0,1.0,1,,0,,4331,3609,2021-04-05,https://covidactnow.org/us/texas-tx/county/wilbarger_county,0.339180828569191,0.28263763802960296,0,7217
244,48489,US,TX,Willacy County,county,,iso1:us#iso2:us-tx#fips:48489,,21358,0.0535,other,8.695303198533841,,0.673388907682,0.8431922829880001,,,,1,1,1,4,0,4,4,2560,87,,,,,,3,,,,1,,2,,6500,4506,2021-04-05,https://covidactnow.org/us/texas-tx/county/willacy_county,0.3043356119486844,0.21097481037550334,0,10867
245,48491,US,TX,Williamson County,county,,iso1:us#iso2:us-tx#fips:48491,,590551,0.0498,other,10.934098591218808,,0.862966402848,0.19993285022200014,0.17690417667175776,,0.75,2,1,2,4,0,0,1,43275,454,,,,1104.0,137.0,8,0.67,18.0,13.0,2,0.66,0,,161337,85645,2021-04-05,https://covidactnow.org/us/texas-tx/county/williamson_county,0.27319740378053714,0.14502557780784384,0,239294
246,48493,US,TX,Wilson County,county,,iso1:us#iso2:us-tx#fips:48493,,51070,0.0312,other,4.4756496685221965,,0.6849184115189999,0.7579728096910001,0.3600360036576385,,0.5,1,1,1,4,0,0,0,3993,66,,,,44.0,14.0,0,0.2,4.0,2.0,0,0.2,0,,11633,7160,2021-04-05,https://covidactnow.org/us/texas-tx/county/wilson_county,0.2277853925983944,0.1401997258664578,0,17739
247,48495,US,TX,Winkler County,county,,iso1:us#iso2:us-tx#fips:48495,,8010,0.3333,other,12.484394506866414,,1.03818328387,1.0048894513700002,,,,3,3,2,4,1,4,4,750,21,,,,19.0,2.0,0,0.12,0.0,,0,,0,,1845,1510,2021-04-05,https://covidactnow.org/us/texas-tx/county/winkler_county,0.2303370786516854,0.18851435705368288,0,3193
248,48497,US,TX,Wise County,county,,iso1:us#iso2:us-tx#fips:48497,,69984,0.0385,other,9.389901365210006,,0.8854493914880001,0.638543247792,,,0.6598639476190475,1,1,1,4,0,4,0,7186,116,,,,180.0,94.0,1,0.68,21.0,13.0,1,0.69,0,,13021,9441,2021-04-05,https://covidactnow.org/us/texas-tx/county/wise_county,0.18605681298582533,0.1349022633744856,0,21591
249,48499,US,TX,Wood County,county,,iso1:us#iso2:us-tx#fips:48499,,45539,0.0528,other,3.7644342525872636,,0.7643016637000001,0.8209363305699999,1.9021739130434785,,,1,1,1,4,0,3,4,3348,124,,,,50.0,27.0,1,0.32,1.0,0.0,1,,0,,9940,6780,2021-04-05,https://covidactnow.org/us/texas-tx/county/wood_county,0.21827444607918486,0.1488833746898263,1,15997
250,48501,US,TX,Yoakum County,county,,iso1:us#iso2:us-tx#fips:48501,,8713,0.1667,other,3.2791723369021657,,1.91161071615,1.3521870011799997,,,,3,2,1,4,3,4,4,867,27,,,,24.0,4.0,2,0.18,0.0,,0,,0,,2147,1403,2021-04-05,https://covidactnow.org/us/texas-tx/county/yoakum_county,0.2464134052565133,0.16102375760358087,0,3156
251,48503,US,TX,Young County,county,,iso1:us#iso2:us-tx#fips:48503,,18010,0.0952,other,9.254118082546734,,1.1340119590200002,1.18195449392,0.0,,,2,1,1,4,2,0,4,2138,44,,,,50.0,8.0,0,0.28,9.0,3.0,1,,0,,4456,3071,2021-04-05,https://covidactnow.org/us/texas-tx/county/young_county,0.2474181010549695,0.1705163797890061,0,7020
252,48505,US,TX,Zapata County,county,,iso1:us#iso2:us-tx#fips:48505,,14179,0.0256,other,2.0150524417397957,,0.772664877244,1.2765322073060004,,,,1,0,1,4,0,4,4,1761,31,,,,,,1,,,,0,,0,,5301,3256,2021-04-05,https://covidactnow.org/us/texas-tx/county/zapata_county,0.3738627547781931,0.2296353762606672,0,8055
253,48507,US,TX,Zavala County,county,,iso1:us#iso2:us-tx#fips:48507,,11840,0.0128,other,0.0,,0.746610942431,1.077568378289,,,,0,0,0,4,0,4,4,1825,43,,,,,,1,,,,0,,0,,3702,2453,2021-04-05,https://covidactnow.org/us/texas-tx/county/zavala_county,0.3126689189189189,0.20717905405405404,0,6140
